"steepness","mix.period","k","iter","E.mult","Total.like","Total.LF","Total.CPUE","BH.Steep","Tag.like","CPUE.JPPL","CPUE.PS.5","CPUE.PS.678","Max.gradient","negvals","Frecent.Fmsy","SD.fmsy","SB.SBmsy","SD.SBmsy","Sbrecent.SBF0","SD.depletion","model","model.iter"
0.903415988317949,2,0.322,1,4.34764865823797,321261.3623473,299872.856110456,-506.41651792102,2.68184349192,21105.4333328546,-562.5533942814,41.8260405246,14.31083583578,7.48347917437873e-05,0,0.391236306729264,0.01485894010344,3.666,0.16548853,0.485539322844624,0.0261838901,"diagnostic-k4","diagnostic-k4-1"
0.82522643048511,3,0.307,2,4.41543038522365,323044.664995496,299430.065580377,-502.06807742867,3.23920675241,23400.8030627536,-483.6598681104,5.30835002383,-23.7165593421,8.50155532649163e-05,0,0.387146728610143,0.0149163983089131,3.406,0.15687667,0.462183167510278,0.02952269,"diagnostic-k2","diagnostic-k2-2"
0.844936648084097,3,0.224,3,3.93295579298671,323137.078711263,299511.422561181,-480.79327249034,2.88311051448,23411.4930439945,-475.7587572186,4.40225763676,-9.4367729085,6.9827420614719e-05,0,0.3382949932341,0.0116021714210923,4.373,0.19085981,0.45392785647976,0.0285155295,"diagnostic-k2","diagnostic-k2-3"
0.900405761614568,1,0.291,4,2.99523984198424,318156.576860719,299204.958801794,-719.79472480132,2.82252454697,18781.5850050565,-710.55598678036,7.04814660384,-16.2868846248,9.82430715890438e-05,0,0.201126307320998,0.00988828333403904,6.298,0.35591832,0.652901502187225,0.0262317335,"diagnostic-k2","diagnostic-k2-4"
0.682895785560955,2,0.252,5,3.73387163742532,321609.514161576,299360.831331843,-414.6417282399,2.87434324529,21866.9288028368,-441.6800379482,17.9700667789,9.0682429294,7.10112263205421e-05,0,0.414593698175788,0.0146684552307451,2.854,0.1244211,0.464134916825744,0.0250513346,"diagnostic-k3","diagnostic-k3-5"
0.871454735812284,2,0.319,6,4.75230714150905,321403.107347829,299379.60059938,-418.9079772697,3.55286440184,21620.2040549912,-454.0233753012,24.4224777697,10.6929202618,9.48990240378485e-05,0,0.353481795687522,0.0129025124221964,3.9,0.166788,0.511004950989764,0.0256560306,"diagnostic-k3","diagnostic-k3-6"
0.824493512606929,3,0.377,7,4.84629492584604,322648.442916528,299814.759464827,-540.0021887928,2.82339831681,22639.5031761567,-535.4199243354,21.5988707482,-26.1811352056,6.86254120513171e-05,0,0.460193281178095,0.0160914216141758,2.979,0.11926156,0.465661175740846,0.0237482074,"diagnostic-k4","diagnostic-k4-7"
0.830977465502032,3,0.353,8,4.87523926078478,322799.018250674,299775.128384958,-503.6723443019,2.96152166055,22801.1364838619,-506.6895259614,20.5416486304,-17.5244669709,6.77148091220526e-05,0,0.418760469011725,0.0147011004547977,3.353,0.13912777,0.471275702779547,0.0255111678,"diagnostic-k2","diagnostic-k2-8"
0.822507598905178,3,0.314,10,2.34908212801081,322809.585191885,300125.224591671,-663.9394946873,3.83258806998,22631.935443384,-659.3548919515,24.2481069942,-28.83270973,6.91721290805455e-05,0,0.467071461933676,0.0170783855191218,3.588,0.15524834,0.451110932345998,0.0264371502,"diagnostic-k4","diagnostic-k4-10"
0.785669742197696,3,0.307,11,4.41223582689481,323353.889279305,299786.037052988,-506.5404552201,3.28055132873,23359.7342836503,-496.8750332071,6.9513549623,-16.6167769753,7.93533860455504e-05,0,0.4,0.0152698527536232,3.169,0.14335789,0.457620976368976,0.0293864051,"diagnostic-k2","diagnostic-k2-11"
0.834363471263615,2,0.254,12,3.83822333030558,321590.419903161,299069.93930001,-457.89478933153,3.30497282858,22178.3307709641,-474.0300802991,11.354169383,4.78112158457,8.37703368582909e-05,0,0.308071472581639,0.0115076595436808,4.263,0.19151657,0.518176687149025,0.026354408,"diagnostic-k3","diagnostic-k3-12"
0.884093417865328,1,0.327,14,4.19650004193937,317578.614130462,299477.237413333,-702.4114508569,2.70985140858,17931.9608335364,-763.0935397907,46.8358327238,13.84625621,8.6905049524828e-05,0,0.316055625790139,0.0132173877624605,4.252,0.2068739,0.589520372885309,0.023785427,"diagnostic-k4","diagnostic-k4-14"
0.791121895795319,2,0.28,15,3.31906161718619,321403.204394304,300205.399929289,-568.6197257012,2.62611481952,20985.0248339921,-622.3351575481,44.6433365664,9.0720952805,5.59191623613473e-05,0,0.477326968973747,0.0184548240372999,3.143,0.14610906,0.448948992564208,0.0268298677,"diagnostic-k4","diagnostic-k4-15"
0.892336982610108,2,0.324,16,2.01914913584022,320859.641894082,299388.288796132,-522.40031569934,4.47059346574,21195.5364582487,-586.3624261555,29.6528413614,34.30926909476,9.29410479991783e-05,0,0.355998576005696,0.0120018749679886,4.664,0.18435635,0.51208891853893,0.0239492898,"diagnostic-k3","diagnostic-k3-16"
0.760917597871399,3,0.25,17,4.86207435354933,323286.947224397,299762.897583188,-551.43925606342,2.82509329008,23375.3021972061,-536.6136700169,2.93423071348,-17.75981676,8.84735310813833e-05,0,0.402414486921529,0.014053246676713,3.238,0.1417592,0.442188949807167,0.0287029102,"diagnostic-k2","diagnostic-k2-17"
0.718230733936961,2,0.336,18,4.54927912817043,321064.325940203,299446.482800007,-424.5942345754,3.15284771368,21234.8013091385,-486.445905374,26.624610421,35.2270603776,9.28577533003085e-05,0,0.465766185374942,0.015458512212957,2.681,0.10416839,0.462600244800952,0.0234369311,"diagnostic-k3","diagnostic-k3-18"
0.82550727276814,2,0.28,19,3.6400135926476,321435.77535925,300200.125484615,-549.76522008681,2.65736670666,21003.7404969416,-605.8937964531,47.4157763605,8.71280000579,6.34644951777496e-05,0,0.460193281178095,0.0171081880096581,3.343,0.14704481,0.452801246149499,0.0253731301,"diagnostic-k4","diagnostic-k4-19"
0.918492085393204,3,0.275,20,3.31183282898593,323370.636705923,299713.588869364,-581.24654798279,3.19380965846,23534.0752384645,-537.5238988156,-6.85117712345,-36.87147204374,9.77186177404753e-05,0,0.288184438040346,0.00978477847800614,6.292,0.26554014,0.524257658929102,0.0251365652,"diagnostic-k4","diagnostic-k4-20"
0.912598573400722,1,0.211,21,2.07660466493976,318359.512067476,299041.035154577,-662.40775317897,3.99016007047,19097.3469632175,-698.86965697266,14.7728609693,21.68904282439,8.89220913391262e-05,0,0.191828122002686,0.00998955528094889,8.924,0.55820865,0.638469738058004,0.0252504518,"diagnostic-k3","diagnostic-k3-21"
0.811897238325885,2,0.343,22,4.87112294588108,321597.835112638,299604.531723755,-498.57777232578,3.78101628081,21680.8921975637,-496.7911810471,7.71994236182,-9.5065336405,9.61491817202947e-05,0,0.338753387533875,0.0130268587582686,3.617,0.16367792,0.535134051457474,0.0256655885,"diagnostic-k2","diagnostic-k2-22"
0.818297578485812,3,0.284,23,2.29421113115426,322861.549690592,299403.04981713,-613.3019656306,4.01860117368,23377.4986331996,-601.2440653716,4.0285296181,-16.0864298771,9.81479715608248e-05,0,0.37243947858473,0.0129132609864208,3.92,0.16554971,0.469633347699894,0.0250690286,"diagnostic-k2","diagnostic-k2-23"
0.761858018707259,1,0.324,24,4.87877226598705,317840.825185668,299175.863928435,-687.5372763546,3.41653737904,18464.4406719614,-722.4914139585,41.8565702054,-6.9024326015,0.000374330057168636,0,0.323310701584222,0.0135942927949439,3.365,0.1628175,0.612141386168749,0.0219947799,"diagnostic-k4","diagnostic-k4-24"
0.843620706576666,3,0.225,25,4.85946617406029,323238.431153251,299540.048384955,-446.15036673214,2.94608801325,23445.0604367376,-441.9749597649,5.06594993466,-9.2413569019,7.46822799231226e-05,0,0.341997264021888,0.011769954678001,4.127,0.18058304,0.448404747587538,0.0289864086,"diagnostic-k2","diagnostic-k2-25"
0.781367331645859,3,0.204,26,4.86282406732204,323338.552376144,299383.597667024,-413.21621892621,2.80968774066,23669.7424578799,-416.1717282337,4.89812679199,-1.9426174845,9.14531201008154e-05,0,0.377500943752359,0.0127241628163493,3.55,0.15446914,0.436825271599101,0.0281967186,"diagnostic-k2","diagnostic-k2-26"
0.850661029992919,1,0.383,27,3.22224205476881,317408.103732913,299658.527080955,-750.8520414241,2.74747236729,17615.194675513,-791.6933567258,51.0606501876,-10.2193348859,9.5028324820515e-05,0,0.315855969677827,0.0139194883566564,4.003,0.20027558,0.61804253316569,0.0228470393,"diagnostic-k4","diagnostic-k4-27"
0.798224929855316,1,0.333,28,2.72939220894376,317523.621575848,299402.162624689,-733.52964516042,3.51087531533,17975.4299749349,-796.7177466977,35.3229350251,27.86516651218,9.62525649023818e-05,0,0.310269934843314,0.0131962183654362,4.445,0.2174061,0.617191457081084,0.0232549528,"diagnostic-k3","diagnostic-k3-28"
0.888840384287698,2,0.299,29,2.18477534573426,321291.041728509,299380.40869344,-570.87864776037,4.17599829113,21695.5791834574,-586.5846355078,11.8484824591,3.85750528833,9.77406680107133e-05,0,0.284900284900285,0.0100986400822704,5.268,0.22396152,0.537898176362303,0.023345323,"diagnostic-k2","diagnostic-k2-29"
0.867760727261578,2,0.372,30,3.25012476150278,320820.553721573,299820.434106505,-542.97355430562,2.69648978388,20741.9033998816,-601.0814997918,44.055434045,14.05251144118,8.84799512112586e-05,0,0.402252614641995,0.0152076682331107,3.663,0.16118204,0.508565633021779,0.0248860131,"diagnostic-k4","diagnostic-k4-30"
0.904797359179904,2,0.223,31,4.6066381191025,321641.527369862,299298.153996927,-409.8884959719,3.11767237151,21960.403053278,-446.1627014345,19.4796956063,16.7945098563,8.0637929704583e-05,0,0.272331154684096,0.00950359650376607,5.564,0.24555171,0.504128541888123,0.0256557071,"diagnostic-k3","diagnostic-k3-31"
0.810237191554998,3,0.391,32,3.81834971948239,322605.443588657,299597.881810737,-498.3392596477,3.07038719216,22775.8921502599,-496.9079916433,15.2732800092,-16.7045480136,9.15014214226866e-05,0,0.441891294741494,0.0151735155434695,2.896,0.11481039,0.454562436846444,0.0246633693,"diagnostic-k3","diagnostic-k3-32"
0.737861861403983,3,0.227,33,4.64206145320922,323198.750492538,299545.148530147,-457.29315051838,2.91391862075,23412.878408915,-452.0512839083,4.96151405852,-10.2033806686,9.84741613583958e-05,0,0.414765657403567,0.0142730938258307,3.089,0.13500814,0.428584654655739,0.0284962767,"diagnostic-k2","diagnostic-k2-33"
0.842920603824855,1,0.362,34,2.47188625738802,317410.220968235,299408.694071936,-762.5012219079,3.08328344961,17876.498892636,-803.0013575955,49.8200323147,-9.3198966271,8.54287345004416e-05,0,0.310848616723656,0.0135469891361534,4.53,0.22383344,0.632396315424983,0.0225291328,"diagnostic-k4","diagnostic-k4-34"
0.862273799595205,2,0.263,35,3.37594560385851,321451.124754779,299417.837208676,-516.8490315277,2.64152172879,21762.2161069474,-539.4529129741,17.3574850949,5.2463963515,7.82488361395446e-05,0,0.296912114014252,0.0106608774966034,4.885,0.21255462,0.522524189772237,0.0259581511,"diagnostic-k2","diagnostic-k2-35"
0.894850886581385,3,0.4,37,4.87948969455296,322992.430537078,299923.418208236,-487.0653674267,3.43567411801,22822.72984831,-485.2626011523,15.1012392868,-16.9040055612,9.10765071280333e-05,0,0.387146728610143,0.0131037213756999,3.473,0.13535364,0.479562043957501,0.0241820356,"diagnostic-k2","diagnostic-k2-37"
0.850329597199437,1,0.399,39,4.33814463549013,317407.075837269,299750.014001742,-720.9135578169,3.00186618176,17487.5129100738,-761.2603639454,48.274992661,-7.9281865325,8.98907031995758e-05,0,0.325839035516455,0.014654871062079,3.606,0.18348231,0.609671494794254,0.0230511709,"diagnostic-k4","diagnostic-k4-39"
0.867818194050042,1,0.306,40,4.87268176497911,317956.18734421,299116.874015272,-657.4566001382,3.88780393278,18607.3111610997,-686.6098516318,28.6218709775,0.5313805161,7.58133721568062e-05,0,0.263921879123779,0.0116163577803192,4.537,0.22900481,0.639646883133287,0.0237603192,"diagnostic-k3","diagnostic-k3-40"
0.689767411606144,3,0.34,41,3.46327641263482,322726.301222662,299379.442897539,-490.9751552296,3.32721693465,23110.3741919466,-487.5161451307,14.3661444051,-17.825154504,7.1968349601136e-05,0,0.523286237571952,0.0170401554205053,2.289,0.087361381,0.40681570880708,0.0245394647,"diagnostic-k3","diagnostic-k3-41"
0.850269330060414,3,0.258,42,2.12059956382901,322936.06030531,299099.010436614,-566.37303105408,4.16235107006,23698.9682228835,-557.0931381226,4.00198424412,-13.2818771756,9.49846243846105e-05,0,0.329489291598023,0.0119890488194641,4.744,0.20958302,0.493718382628465,0.0266419247,"diagnostic-k3","diagnostic-k3-42"
0.719817837133927,1,0.358,43,2.62384711740836,317428.050147594,299392.147487731,-743.7026828927,3.01838392567,17891.266230338,-793.2253849933,49.6573895465,-0.134687445899999,9.99410929668333e-05,0,0.365497076023392,0.015463299156045,3.598,0.172554,0.60535331480179,0.021746365,"diagnostic-k4","diagnostic-k4-43"
0.873841312702569,2,0.297,44,4.58935738858029,321386.801656114,300033.428104315,-491.02135319486,2.50326688362,21049.3943274346,-554.9071589528,46.7028928605,17.18291289744,9.11182286428053e-05,0,0.429553264604811,0.01594737781391,3.551,0.15462587,0.467383574393112,0.0254188885,"diagnostic-k4","diagnostic-k4-44"
0.866402979071755,1,0.292,45,3.02614041293971,317822.425851538,299757.750907087,-745.693395844,2.66524783365,17948.1533381063,-799.6909583823,48.6118953719,5.3856671664,5.15582894967975e-05,0,0.356633380884451,0.015190089041077,4.274,0.21355467,0.546591804061281,0.0253444329,"diagnostic-k4","diagnostic-k4-45"
0.851208826163116,3,0.244,46,2.37690419327674,322835.1253927,299346.756324017,-560.54854043345,3.65104641052,23353.8897703906,-561.810955179,7.32457685285,-6.0621621073,9.1409723645504e-05,0,0.337040781934614,0.0115951436326369,4.77,0.20689465,0.473259696467807,0.0263200161,"diagnostic-k3","diagnostic-k3-46"
0.921138306738166,1,0.284,47,4.85247145096881,318311.564413842,299201.968159748,-622.27841125071,3.51091027093,18843.4251297263,-620.9845234914,9.93006127339,-11.2239490327,9.5600074779019e-05,0,0.204792135981978,0.00928239531303161,5.722,0.30201061,0.626376907754651,0.0256909548,"diagnostic-k2","diagnostic-k2-47"
0.857612100296387,1,0.254,48,4.63099803298106,318326.529677618,299141.880168417,-595.11469630853,3.12840574052,18896.4834833528,-618.53950811363,14.6835799809,8.74123182420001,8.60096755004743e-05,0,0.234082397003745,0.00989157226132316,5.091,0.25427241,0.607855554546725,0.0246866794,"diagnostic-k2","diagnostic-k2-48"
0.798192719318306,2,0.228,49,2.94965577560769,321573.487604027,300204.538413393,-572.5059319791,2.94021542179,21176.7880793689,-634.8435067139,51.1114813537,11.2260933811,9.44230622399594e-05,0,0.464037122969838,0.018339932643098,3.464,0.16988324,0.441933880377735,0.0278535664,"diagnostic-k4","diagnostic-k4-49"
0.851601964197241,2,0.263,52,2.89561424130946,321396.978175485,299410.193991332,-534.7857957292,2.74091477159,21736.7179873302,-557.9663821704,17.3344133793,5.8461730619,8.17242549896632e-05,0,0.299670362601139,0.0113781403176318,4.949,0.22628323,0.528481224669081,0.0268717441,"diagnostic-k2","diagnostic-k2-52"
0.893596711310323,1,0.395,53,4.00259209875431,317274.133624341,299279.878083299,-712.485359502,3.08288751805,17804.0965856606,-751.60825609,33.5132467895,5.6096497985,9.8388777432077e-05,0,0.274047684297068,0.0115365577712813,4.41,0.20827067,0.640102473885139,0.0224818057,"diagnostic-k3","diagnostic-k3-53"
0.821304840711915,3,0.371,54,4.21524198937764,322523.555188258,299346.391917153,-530.2479875246,3.44698831726,22958.3137317226,-528.156230215,16.7936166868,-18.8853739964,9.16342780173596e-05,0,0.44404973357016,0.0147055796296342,2.987,0.11311061,0.455221575247879,0.023867681,"diagnostic-k3","diagnostic-k3-54"
0.912611994633386,2,0.252,55,2.40286970982655,321320.377485614,299323.61944702,-534.18561374627,3.49730301473,21749.1035646075,-564.7403503103,18.9560210083,11.59871555573,8.22141206928267e-05,0,0.26123301985371,0.00917042962296349,6.465,0.28052177,0.53200840015506,0.0243455132,"diagnostic-k3","diagnostic-k3-55"
0.824582982388429,1,0.294,56,4.78332003189836,317912.726034946,299764.841119844,-708.4553668318,2.74822740492,17992.5665015547,-760.7207185762,45.0881664409,7.1771853035,8.44235140198241e-05,0,0.389408099688474,0.0163421905178443,3.385,0.16715546,0.52571344292897,0.0250139949,"diagnostic-k4","diagnostic-k4-56"
0.728694584164008,3,0.342,57,1.98575140518801,322489.229708268,299367.877073679,-602.7377954725,4.87272726239,23009.3910152617,-594.9602757892,12.7008918827,-20.478411566,9.93355991077855e-05,0,0.477554918815664,0.0159941440806676,2.897,0.1131902,0.441540734200199,0.0243171043,"diagnostic-k3","diagnostic-k3-57"
0.848168016669299,3,0.391,58,4.84739961097838,322672.350523595,299973.638176575,-553.26143061616,2.7976674075,22525.1069624235,-537.8817304127,19.0716593385,-34.45135954196,6.96360588754229e-05,0,0.455580865603645,0.016515303421548,2.991,0.12649972,0.465496826355183,0.0254248803,"diagnostic-k4","diagnostic-k4-58"
0.933711127930341,1,0.221,59,4.84607962052549,318394.822313097,298927.83132678,-582.21751567298,3.23345049609,19166.5126712124,-619.97704360738,18.1441037089,19.6154242255,7.03762473676928e-05,0,0.192049164586134,0.00845095670191934,7.176,0.38008643,0.611681228887173,0.0245663453,"diagnostic-k2","diagnostic-k2-59"
0.873896905951028,1,0.209,60,4.86911085346618,318469.868877216,298924.381535782,-578.56262905753,3.16649000956,19242.6234024527,-615.56434820903,17.6513974068,19.3503217447,9.20416766359029e-05,0,0.221729490022173,0.00973336214699276,5.734,0.30638287,0.601645426333025,0.0240353054,"diagnostic-k2","diagnostic-k2-60"
0.757353967661981,1,0.342,61,1.86599839768136,317572.854595944,299288.285735333,-731.1321779522,4.53161536585,18120.6443355681,-772.118581262,30.474617318,10.5117859918,9.47907721691241e-05,0,0.29385836027035,0.0130698634734935,4.555,0.23094301,0.652734380795116,0.0231159341,"diagnostic-k3","diagnostic-k3-61"
0.797100872525413,1,0.347,62,2.21960288287951,317433.553954519,299578.718277926,-758.179167594,3.35439619805,17734.3798665569,-809.3126415054,50.820929863,0.312544048399996,8.93038254699401e-05,0,0.354484225451967,0.0152696512848315,4.155,0.20491132,0.598167777500634,0.0230397813,"diagnostic-k4","diagnostic-k4-62"
0.691190541534646,2,0.272,63,3.86352717907991,321521.314089875,299544.651276842,-512.7197955783,2.52016866251,21698.9322789056,-527.5166276726,16.2309351044,-1.4341030101,9.0167185515167e-05,0,0.398724082934609,0.0153187903842179,3.055,0.14162257,0.488246928538937,0.0276251428,"diagnostic-k2","diagnostic-k2-63"
0.874209823103369,1,0.373,64,2.26766957187365,317310.813464255,299476.177189503,-765.8613673932,3.25562000329,17713.8846131749,-809.6576211221,52.5020160538,-8.7057623249,8.23721766903832e-05,0,0.304136253041363,0.0133088793996335,4.843,0.23995485,0.635517913950576,0.0227322945,"diagnostic-k4","diagnostic-k4-64"
0.910719062414938,3,0.381,66,2.06455128021144,322309.236504044,299738.144401468,-639.45979435345,4.1394414595,22484.7019961042,-627.9266565536,19.4053770561,-30.93851485595,6.21197206787041e-05,0,0.388802488335925,0.0139453215338232,4.369,0.18103372,0.505905189389076,0.0244221272,"diagnostic-k4","diagnostic-k4-66"
0.960467130591576,2,0.238,68,3.86385770577384,321534.662467349,299288.514766305,-503.1197059755,2.7542541594,21961.1263019852,-526.2713266183,14.7604054204,8.3912152224,9.65555426762992e-05,0,0.222518914107699,0.00780026282808751,7.446,0.32173501,0.522068747280541,0.0258681918,"diagnostic-k2","diagnostic-k2-68"
0.786725937507341,2,0.377,69,4.71440729312559,321043.210637111,299497.053053948,-420.06143394949,3.24123123667,21152.0141077841,-470.971064944,22.8751815059,28.03444948861,6.77804264403229e-05,0,0.419463087248322,0.0142676247381183,2.921,0.11481118,0.489115803779071,0.0233099352,"diagnostic-k3","diagnostic-k3-69"
0.781323121007285,3,0.294,71,4.63380848850572,323016.715333465,299405.273745719,-520.11191294011,3.26127533794,23420.339318248,-500.4823247744,4.98454647179,-24.6141346375,9.74882136220723e-05,0,0.417188151856487,0.015892165610428,3.072,0.14000889,0.448505201501416,0.0293041967,"diagnostic-k2","diagnostic-k2-71"
0.806061532831309,1,0.389,73,4.43389107206811,317572.020646021,299469.345882895,-712.9255846339,3.26244687093,17926.8105274595,-740.4719812088,25.5907468766,1.9556496983,9.84993659273455e-05,0,0.292056074766355,0.0131946694648714,3.72,0.18925687,0.625590672217788,0.0238227772,"diagnostic-k3","diagnostic-k3-73"
0.829610150291297,1,0.348,74,2.35933894836073,317463.863112825,300084.442730453,-766.84183533904,3.06054019442,17276.9882315129,-819.2457172286,50.4954689785,1.90841291106,6.93962120250822e-05,0,0.386398763523957,0.0175988051445454,3.841,0.20153876,0.547678961709384,0.0252831539,"diagnostic-k4","diagnostic-k4-74"
0.756470361085878,1,0.311,75,3.16932869911391,317756.208786233,299944.867820084,-753.3524296206,2.6490882096,17699.2848846942,-802.1291579865,48.0142852719,0.762443093999995,8.35773355690417e-05,0,0.41649312786339,0.018375633627442,3.223,0.16608584,0.523907571755071,0.0249294143,"diagnostic-k4","diagnostic-k4-75"
0.93202829688799,2,0.225,76,4.47377519938488,321718.731105046,299495.786476634,-486.9893310751,2.89890363459,21928.9969751532,-513.8809400328,14.7722692876,12.1193396701,8.34863454942149e-05,0,0.240905805829921,0.00855272062212555,6.425,0.28428706,0.512373206771406,0.0273005696,"diagnostic-k2","diagnostic-k2-76"
0.758239003973091,3,0.309,77,3.08089518233694,322848.686541082,299433.804197741,-574.22654913651,3.51010767393,23283.3019168345,-553.4100427822,4.53669998709,-25.3532063414,9.58373900607952e-05,0,0.414593698175788,0.0163197267425694,3.244,0.15122342,0.464248179562942,0.0291622266,"diagnostic-k3","diagnostic-k3-77"
0.810738370707432,3,0.345,78,4.71534314037572,322743.534615922,299392.664970339,-489.1479502275,3.43190451107,23110.9360865276,-484.5476308054,13.5593545253,-18.1596739474,9.34903637158704e-05,0,0.451875282422051,0.0147879679931363,2.77,0.10599592,0.432731861631786,0.0248930104,"diagnostic-k3","diagnostic-k3-78"
0.907571376376832,3,0.296,79,3.097098187397,322865.53708723,299413.069180112,-579.08054242142,3.40104250269,23329.8519864805,-557.873321667,4.27447632268,-25.4816970771,9.93501497115552e-05,0,0.333444481493831,0.012829862923292,4.68,0.21421847,0.478763279984968,0.0294112424,"diagnostic-k2","diagnostic-k2-79"
0.903132284928992,1,0.285,81,2.48458050707788,318160.616435539,299153.831432677,-724.255768437,3.72974343156,18844.6952755145,-705.7454730917,13.5378667649,-32.0481621102,8.23691959351651e-05,0,0.220070422535211,0.0117125421347703,6.426,0.39087441,0.649907652020831,0.0287601297,"diagnostic-k3","diagnostic-k3-81"
0.847771280798287,3,0.281,82,4.68165786291263,323138.336916215,299320.285425005,-495.59705118017,3.23902049892,23601.9288404165,-485.0275733171,5.24537290103,-15.8148507641,9.24728718290242e-05,0,0.36697247706422,0.0138130769815079,3.591,0.16220132,0.45713158379598,0.0295940474,"diagnostic-k2","diagnostic-k2-82"
0.720113161862322,1,0.303,83,4.80319873086876,318040.317334596,299087.411200582,-665.9313357235,3.60487455706,18729.167811305,-685.6068912782,25.6597512685,-5.9841957138,9.72652326562917e-05,0,0.310173697270471,0.0135972659046634,3.386,0.16988631,0.617060626360729,0.0227128347,"diagnostic-k3","diagnostic-k3-83"
0.82754454032657,2,0.263,85,2.65639341506692,321327.242067619,299341.536070093,-536.22698783124,3.22672915536,21725.2213902781,-591.9638291394,29.2159717478,26.52086956036,9.94094624711807e-05,0,0.373692077727952,0.013170207240759,4.038,0.17075843,0.501840971158521,0.0247616442,"diagnostic-k4","diagnostic-k4-85"
0.906001596135887,1,0.306,86,2.83754840985938,318092.370488118,299291.05103568,-748.02542404565,2.73992647698,18664.3301647837,-726.2394243197,8.81146678455,-30.5974665105,8.53018371785354e-05,0,0.210084033613445,0.00948756527415144,6.226,0.32280986,0.653403776542144,0.0247093746,"diagnostic-k2","diagnostic-k2-86"
0.871402299504204,2,0.25,87,3.23247845513533,321445.481240872,299358.200149696,-517.5542106095,2.63203986814,21821.2660027008,-543.3676860023,17.6958588045,8.1176165883,9.31058955907967e-05,0,0.288850375505488,0.0102057728778347,5.163,0.2230547,0.521661692429692,0.0255478788,"diagnostic-k2","diagnostic-k2-87"
0.853332082244221,1,0.354,88,4.80435744701358,318029.45630656,299630.330396409,-637.9185655831,3.53755916833,18142.3230978304,-685.6852099629,41.4027486947,6.3638956851,8.34758260729036e-05,0,0.282645562464669,0.0115366965201812,4.168,0.19462673,0.635504568214514,0.0220104072,"diagnostic-k2","diagnostic-k2-88"
0.908938173133595,1,0.286,89,2.68516642729521,318155.415810734,299175.129081047,-693.93244977402,2.79169197305,18785.0729422493,-687.6840514725,7.04506582668,-13.2934641282,9.44107475583379e-05,0,0.198176773682124,0.0101121231079299,6.664,0.3960437,0.649269106695341,0.025781299,"diagnostic-k2","diagnostic-k2-89"
0.737889517529694,2,0.27,90,4.86257708053344,321486.697610351,300054.750937602,-480.47489463172,2.52278056233,21127.407990069,-550.6395860344,51.0436161563,19.12107524638,5.12185291841931e-05,0,0.500751126690035,0.0181880205664463,2.694,0.1180601,0.431808964650294,0.0253559337,"diagnostic-k4","diagnostic-k4-90"
0.862661566510598,3,0.312,91,3.66486333158359,322865.983515803,299369.122085726,-550.08384146372,3.60005588802,23327.8759080955,-528.2813255111,7.38380307028,-29.1863190229,9.99217129906433e-05,0,0.369549150036955,0.0139185721733724,3.951,0.17680066,0.479108592780141,0.0276898974,"diagnostic-k3","diagnostic-k3-91"
0.923125713817712,2,0.305,92,3.76529727978274,321311.207120124,299279.455040437,-488.9974167582,3.40358343746,21713.2029903602,-504.9152111592,17.9785377936,-2.0607433926,9.28170319643784e-05,0,0.304785126485827,0.011828663136239,4.947,0.22528099,0.528381879537578,0.0272067287,"diagnostic-k3","diagnostic-k3-92"
0.834453495634808,1,0.247,93,4.42479682951387,318285.484407125,299088.224718224,-606.81409570684,2.93878141212,18920.5557246239,-634.20549459714,14.9936843333,12.397714557,9.01277309474108e-05,0,0.245519273262951,0.0104112156047013,4.886,0.24546982,0.601384970256233,0.024472468,"diagnostic-k2","diagnostic-k2-93"
0.769762648836873,3,0.312,94,4.62921347619087,323134.118196038,299987.549336916,-567.90538980575,2.72377659686,23015.8507460951,-552.1574264057,3.78245596815,-19.5304193682,8.11971254331338e-05,0,0.446030330062444,0.0149689259926279,2.847,0.1169022,0.416301300848449,0.0264907433,"diagnostic-k2","diagnostic-k2-94"
0.866056971419285,1,0.355,95,2.06546322023032,317614.765499953,299270.573710125,-773.4642295356,3.55659970523,18222.5185969271,-802.0578881078,43.5594278853,-14.9657693131,9.39619727223994e-05,0,0.281293952180028,0.0121708911651492,5.077,0.24854662,0.654933221796509,0.0221796672,"diagnostic-k4","diagnostic-k4-95"
0.886952219027524,1,0.283,96,4.46173993819287,318292.073765027,299183.926659135,-634.97125257907,3.23995959863,18850.5858557884,-634.4051115322,8.93529069493,-9.5014317418,9.59653722403917e-05,0,0.214776632302406,0.00985574478591939,5.331,0.28362219,0.628666732335206,0.0252874442,"diagnostic-k2","diagnostic-k2-96"
0.901165004248472,2,0.29,97,4.84166564371449,321867.21281021,299597.088473062,-429.213785118,3.75656517995,21894.4546878198,-447.3301194953,15.8661860737,2.2501483036,9.30218969404689e-05,0,0.30441400304414,0.0115217599682677,4.438,0.19747273,0.509527221436877,0.0276875674,"diagnostic-k2","diagnostic-k2-97"
0.890747820154976,2,0.261,98,2.74811675684463,321507.924791895,299477.759068281,-589.8355295513,4.04708677287,21832.7625683272,-613.5764915427,12.9960406244,10.744921367,4.76536179658468e-05,0,0.321957501609788,0.011614321928751,4.926,0.21521349,0.519838548120798,0.0255679727,"diagnostic-k4","diagnostic-k4-98"
0.729895508382013,1,0.217,99,4.82667381614345,318555.804780226,298622.171158415,-567.26691969412,3.70322106881,19604.5477530682,-572.48975876978,7.06744503596,-1.8446059603,9.38454812396634e-05,0,0.257931390250193,0.0156344969049535,3.839,0.27487318,0.616762658043339,0.0251945318,"diagnostic-k3","diagnostic-k3-99"
0.624897062182157,1,0.299,100,4.23136318178708,318565.655602755,299537.337878944,-649.2368968884,2.75876251107,18789.827052286,-641.0364136217,10.6756140188,-18.8760972855,9.6933069764206e-05,0,0.317762948840165,0.0144102805754442,2.919,0.15252141,0.591471369468854,0.0234960805,"diagnostic-k2","diagnostic-k2-100"
0.751347137748446,3,0.306,102,2.28654839202561,322764.74841228,299366.083235836,-598.67958375748,4.46358569115,23291.7794573436,-576.5559389829,4.61189032692,-26.7355351015,9.78525985440971e-05,0,0.412371134020619,0.0161896665427498,3.408,0.15783259,0.472782418261419,0.0284429578,"diagnostic-k3","diagnostic-k3-102"
0.786826175016099,2,0.206,103,4.87436819342695,321821.484812919,298690.262581775,-333.18166864588,3.54992119712,22662.4925614089,-356.1937190157,8.10307825036,14.90897211946,9.58385112152586e-05,0,0.327332242225859,0.011469517842295,3.763,0.165483,0.507261819202804,0.0249736936,"diagnostic-k3","diagnostic-k3-103"
0.781724403826351,3,0.368,104,2.29398116514492,322369.405277549,299531.750459802,-605.2442139569,4.33327889344,22731.0237945935,-602.3758853061,15.8134160046,-18.6817446554,4.40615737092496e-05,0,0.444247001332741,0.0151955288440481,3.181,0.12606401,0.46198077560997,0.0244109119,"diagnostic-k3","diagnostic-k3-104"
0.742064739993354,2,0.202,105,1.86470793469505,321468.665105104,299128.143431906,-524.39243549981,4.21795537939,22084.8642964006,-561.1161144585,15.0557550846,21.66792387409,6.81596138034995e-05,0,0.34435261707989,0.0118239958536654,4.338,0.18775584,0.511939410403967,0.0238875374,"diagnostic-k2","diagnostic-k2-105"
0.831023150445937,3,0.257,106,2.46521134227977,322970.685437555,299308.250004579,-571.64867558395,3.59433307159,23533.7958953762,-557.8720801284,2.80851844205,-16.5851138976,9.85509435595846e-05,0,0.340599455040872,0.0128532641427479,4.513,0.20771637,0.486219067727964,0.0290461731,"diagnostic-k3","diagnostic-k3-106"
0.820163023069399,2,0.258,107,2.96981347930734,321478.365024256,299076.869281112,-497.84241273105,3.33293160377,22103.5147455061,-515.3998000535,11.4852246843,6.07216263815,5.94124798110286e-05,0,0.313676286072773,0.0114544571112035,4.381,0.19272603,0.525517913898855,0.0249064217,"diagnostic-k3","diagnostic-k3-107"
0.884494242004037,3,0.353,108,4.71327056627308,322718.146758953,299432.084906657,-507.2779662933,3.53865944279,23066.287296492,-499.6768939301,12.4416015861,-20.0426739493,9.82407167293178e-05,0,0.403551251008878,0.0136504228412375,3.298,0.1302246,0.450665905512643,0.025517656,"diagnostic-k3","diagnostic-k3-108"
0.901014655394087,1,0.349,109,4.87279196652767,317666.640724058,299397.097407284,-673.2016761307,3.42593033621,18052.7353282262,-729.5936647923,31.3761607351,25.0158279265,9.79114526251505e-05,0,0.276014352746343,0.0115446656587053,4.555,0.21774203,0.622717695581921,0.0234049971,"diagnostic-k3","diagnostic-k3-109"
0.845906534565951,2,0.26,110,4.79639448243486,321667.087326071,299593.973703989,-475.553718638,2.86039511976,21759.1234402824,-503.9825198464,17.4434066084,10.9853946,8.05216651646808e-05,0,0.32499187520312,0.0113190783198568,4.21,0.18018635,0.493226390699715,0.0256656585,"diagnostic-k2","diagnostic-k2-110"
0.837456245252343,1,0.211,111,2.11436661480676,318217.673833483,298748.254626945,-651.83366463307,3.66653184026,19241.3415943358,-689.46449859171,17.004427845,20.62640611364,9.42565789453519e-05,0,0.229200091680037,0.0105681828668771,6.402,0.35591316,0.625680763761023,0.0229507205,"diagnostic-k2","diagnostic-k2-111"
0.846726230821366,1,0.281,112,4.104213680807,318263.137973341,299180.171774495,-643.35803860651,2.93502760934,18836.9092267846,-643.6517540008,9.06542039999,-8.7717050057,9.35941974190192e-05,0,0.231803430690774,0.0104933229836373,4.88,0.25710457,0.623211083352588,0.0250983073,"diagnostic-k2","diagnostic-k2-112"
0.80716063572861,3,0.386,113,2.32709776184732,322278.886161763,299355.240602681,-610.5075209887,4.47049718449,22799.092480301,-605.568075878,16.0187884324,-20.9582335431,9.08824039735891e-05,0,0.428265524625268,0.0142388383221321,3.295,0.12518094,0.479043438442119,0.0230897365,"diagnostic-k3","diagnostic-k3-113"
0.805979086155711,1,0.334,114,4.84384471963623,318559.230022349,299751.631286513,-686.30543056849,3.69836896657,18595.5840116244,-662.19715120838,5.56421357949,-29.6724929396,8.93809249893131e-05,0,0.242600679281902,0.0109284362673174,4.113,0.2129566,0.645216732015047,0.0232922146,"diagnostic-k2","diagnostic-k2-114"
0.86288564054018,1,0.21,115,4.43853029414451,318555.248753248,299166.268913933,-615.82431783761,2.89451838005,19123.8681681249,-646.30835894891,16.0676567412,14.4163843701,9.78738418071771e-05,0,0.217864923747277,0.0102276404849037,5.918,0.33773693,0.609761732852935,0.0254435935,"diagnostic-k2","diagnostic-k2-115"
0.899066181084648,2,0.395,116,4.86532368043922,320984.51989905,299894.661113284,-474.9997576523,2.89914159333,20757.8842620681,-524.7326818721,44.3241099138,5.408814306,8.96962890658539e-05,0,0.387747188832881,0.0150415091056937,3.484,0.15666715,0.516969190030984,0.0252086155,"diagnostic-k4","diagnostic-k4-116"
0.960836729831487,2,0.262,117,4.85882493158384,321599.148398677,299398.755935668,-438.1963533454,3.18827754617,21837.0786100656,-496.527393053,34.9035809313,23.4274587763,4.79157041056334e-05,0,0.301477238468496,0.0108653545169515,5.325,0.23216515,0.519532453369708,0.0260882355,"diagnostic-k4","diagnostic-k4-117"
0.875140749883308,1,0.313,118,4.51124608252538,317765.921753863,299809.596004281,-710.017913791,2.65595693805,17798.5855554889,-765.8730127971,47.1865018135,8.6685971926,9.14705018792726e-05,0,0.368188512518409,0.0156573167102123,3.749,0.18683875,0.536565305097244,0.0256053267,"diagnostic-k4","diagnostic-k4-118"
0.752115467795582,2,0.252,119,4.63237156414837,321575.521787335,299360.572914896,-428.711407695,3.15992252229,21847.7959839282,-455.5723701394,17.6008673659,9.2600950785,5.74386404693665e-05,0,0.371195248700817,0.0131312639932619,3.312,0.14450609,0.482500172833025,0.0251130072,"diagnostic-k3","diagnostic-k3-119"
0.917844495596006,2,0.388,120,3.05612188636133,320794.689692936,299505.714026965,-508.46632687431,3.36970665797,20988.8112782723,-556.6943002915,23.8391462777,24.38882713949,8.86749486872096e-05,0,0.339328130302002,0.0119154173608436,4.321,0.17447894,0.53066624279467,0.0236560109,"diagnostic-k3","diagnostic-k3-120"
0.811092981421719,3,0.255,121,4.8749315915618,323211.987832925,299307.622974432,-460.10851178906,3.13427966424,23652.2757018153,-457.7451675053,7.83357590394,-10.1969201877,6.89866475180011e-05,0,0.383582662063675,0.0134759662813212,3.369,0.14587959,0.444592565217342,0.0276724795,"diagnostic-k3","diagnostic-k3-121"
0.778848822551005,2,0.356,122,2.78715341313499,320841.305898214,299366.709019067,-509.7468371104,3.60190571093,21177.5993590886,-559.4811833231,27.7383783972,21.9959678155,9.90250026585888e-05,0,0.411353352529823,0.0142892532223737,3.298,0.13228657,0.498803025319091,0.0238197034,"diagnostic-k3","diagnostic-k3-122"
0.865260446567218,3,0.341,123,4.70027176750404,322721.49473742,299401.524983599,-499.5587236212,3.46050214471,23092.6216439722,-495.4522166991,14.248302568,-18.3548094901,8.91540172592151e-05,0,0.419463087248322,0.0137420708937568,3.161,0.12127261,0.442284472936452,0.0250916118,"diagnostic-k3","diagnostic-k3-123"
0.751794740760785,2,0.298,124,4.87274141122058,321531.264997247,299322.03773217,-441.4051616259,3.76139620222,21845.8245242583,-453.7028394888,14.8476027854,-2.5499249225,8.63992125630182e-05,0,0.387747188832881,0.0152041150302678,3.067,0.14148027,0.491539488398817,0.0280212279,"diagnostic-k3","diagnostic-k3-124"
0.81354122380495,1,0.359,125,2.68101722531762,317414.729320718,299481.121354731,-758.2189963762,2.91504081942,17807.6252836288,-801.7824413181,51.3154127578,-7.7519678159,9.58471084885343e-05,0,0.333889816360601,0.0144812106003206,4.156,0.20489178,0.615320505359193,0.022643738,"diagnostic-k4","diagnostic-k4-125"
0.92095198216754,2,0.322,126,2.98922848765099,321177.922609684,299271.927620761,-511.3047327765,3.63777287148,21601.5374305728,-537.7324456231,22.4357019691,3.9920108775,7.03993997231582e-05,0,0.310366232153942,0.0117063821895202,5.07,0.22285191,0.542303213210296,0.025642258,"diagnostic-k3","diagnostic-k3-126"
0.805945217310553,1,0.349,127,2.23082143683708,317394.05711484,299919.853149348,-758.07029372708,3.37539317787,17361.3614169772,-818.5512147896,53.6579699116,6.82295115092,9.3912681873651e-05,0,0.388651379712398,0.0170669430593963,3.847,0.19404078,0.550812950632151,0.0247959476,"diagnostic-k4","diagnostic-k4-127"
0.923325408538862,2,0.344,128,4.87297548276885,321103.714410358,300108.290025272,-470.39514027226,2.53176750671,20667.8259640024,-538.6290653702,46.1202599763,22.11366512164,8.29138611084749e-05,0,0.420698359276399,0.0153086743669637,3.54,0.14876392,0.469900645113638,0.0248678309,"diagnostic-k4","diagnostic-k4-128"
0.850654622920617,3,0.26,129,4.40379625893733,323263.979830872,300121.508745991,-573.9500219027,2.75959005115,23022.8768432796,-569.5127056944,16.0166639524,-20.4539801607,6.71665254149425e-05,0,0.3813882532418,0.0134137192265753,4.218,0.18719572,0.458082032795129,0.0284273181,"diagnostic-k4","diagnostic-k4-129"
0.882154721040229,3,0.208,130,4.12335627948747,323234.484627924,299381.606607759,-451.97222746658,2.78370976478,23610.5448195236,-452.7091967871,4.20612823042,-3.4691589099,8.15225959615557e-05,0,0.301841231512225,0.0102096172665364,5.133,0.22361695,0.459584251160098,0.0283512042,"diagnostic-k2","diagnostic-k2-130"
0.876178254257546,1,0.24,131,3.94809251848224,318261.483509348,299023.01165446,-622.86791062052,2.787207773,18976.9222645964,-654.59823278422,15.9558045275,15.7745176362,5.87303507653246e-05,0,0.221680336954112,0.00980217980258848,5.907,0.31119345,0.61538880972611,0.0239761645,"diagnostic-k2","diagnostic-k2-131"
0.866785927400835,1,0.301,132,2.82136307219333,317904.188047062,299067.833709502,-728.029948835,3.58556000844,18676.0487045232,-739.7427931849,24.3174950934,-12.6046507435,7.16598793733774e-05,0,0.243783520234032,0.0110348502839032,5.516,0.28528304,0.666366806196231,0.0234599467,"diagnostic-k3","diagnostic-k3-132"
0.719002957448373,2,0.331,134,4.55862468922895,321502.878775355,299419.879583515,-462.75594583389,3.13138931517,21743.6485330466,-505.1338766396,35.4694681644,6.90846264131,8.25376622217027e-05,0,0.415282392026578,0.015544216017486,2.801,0.12406084,0.511326474212389,0.0237797476,"diagnostic-k4","diagnostic-k4-134"
0.834215476295295,1,0.372,135,4.6164818994191,317369.517487825,299211.183571373,-637.2797752054,3.40788511497,17899.1992799631,-692.2282536431,48.928842098,6.0196363397,8.35469006542328e-05,0,0.307881773399015,0.0125004282676676,3.711,0.17045199,0.618691199949226,0.0217102038,"diagnostic-k2","diagnostic-k2-135"
0.808170235368968,3,0.378,136,2.38750058536161,322372.276950432,299363.189525073,-604.3666239764,4.00703005954,22879.9474833809,-599.2344803185,17.4036132317,-22.5357568896,7.33740727619683e-05,0,0.429000429000429,0.0142720463588056,3.267,0.12434138,0.47461752966546,0.0232054925,"diagnostic-k3","diagnostic-k3-136"
0.817883427787269,1,0.359,137,2.36307158686117,317343.357969134,299212.179281916,-739.2057771562,3.81256946471,17972.0005991866,-783.5355110598,36.7261405451,7.6035933585,7.17282824412103e-05,0,0.289184499710816,0.0122505540609513,4.669,0.22304228,0.647578019001949,0.0224644307,"diagnostic-k3","diagnostic-k3-137"
0.705815304196949,2,0.306,138,4.54660447972597,321389.665714594,299237.026256702,-452.2528830533,3.78982232221,21788.8620726569,-467.6993837798,17.6454482713,-2.1989475448,8.84705291832281e-05,0,0.419287211740042,0.0159829218724741,2.825,0.12633572,0.491170971993444,0.0260176272,"diagnostic-k3","diagnostic-k3-138"
0.843035794967848,1,0.326,139,4.71172490648666,317682.401796727,299341.700636365,-687.8773227072,3.19832215914,18146.7430299852,-745.4505121919,34.1127064431,23.4604830416,8.5522821382364e-05,0,0.303214069132808,0.013028210886569,4.132,0.20301458,0.597967424856113,0.0247672995,"diagnostic-k3","diagnostic-k3-139"
0.823755842496982,3,0.361,140,2.4010651136576,322444.847157624,299444.475758563,-596.3149931934,4.22350312067,22878.3392569615,-591.5881982288,14.0251177225,-18.7519126871,9.84614747698301e-05,0,0.422832980972516,0.0142910268602324,3.409,0.1331892,0.466314490575921,0.0243607933,"diagnostic-k3","diagnostic-k3-140"
0.858285567771199,1,0.315,142,4.37152491966119,317876.686315173,299120.832928303,-672.9035123559,3.5770952594,18537.0858241981,-697.7976259172,28.1417045295,-3.2475909682,8.72949609672439e-05,0,0.262054507337526,0.011562539694193,4.629,0.23316241,0.647931045213209,0.0235820634,"diagnostic-k3","diagnostic-k3-142"
0.789006083925549,3,0.378,143,2.81441855195002,322530.184571909,299798.185505473,-575.7320126525,3.94306279644,22595.4898025338,-584.9420389477,20.4301630332,-11.220136738,8.20193858634278e-05,0,0.464037122969838,0.0149101453231348,3.036,0.1136424,0.442329588253534,0.0242539366,"diagnostic-k3","diagnostic-k3-143"
0.761083538481727,3,0.355,144,3.72489499899911,323137.813949687,299839.081481727,-549.04755393959,2.91376707999,23101.6987039632,-534.4408616304,17.3932038288,-31.99989613799,7.20464884723349e-05,0,0.472366556447804,0.01800834818885,2.978,0.13319087,0.477598909594473,0.025598737,"diagnostic-k4","diagnostic-k4-144"
0.873537813387505,2,0.328,145,3.17085710995906,320943.946639202,299454.654041542,-478.01626279515,3.19868672006,21164.5381284158,-542.5683332454,30.0010508201,34.55101963015,4.8303647522291e-05,0,0.373273609555804,0.0126687807781696,4.133,0.16472822,0.503940537007088,0.0242245052,"diagnostic-k3","diagnostic-k3-145"
0.9506028692373,3,0.279,146,2.54765101646174,322927.645514611,299655.216657602,-601.14569245318,2.95662090602,23180.8803323153,-584.4247758572,2.62179895292,-19.3427155489,9.91954812107758e-05,0,0.268744961031981,0.00966777562203553,6.828,0.29918361,0.495485593652025,0.0279991963,"diagnostic-k2","diagnostic-k2-146"
0.857241330952478,3,0.276,147,4.80443241841678,323159.789667135,299668.586140481,-534.07074739584,2.74308578864,23317.224824867,-519.3708338515,2.53147758266,-17.231391127,7.82730860029187e-05,0,0.351000351000351,0.0124402879937047,4.095,0.17901123,0.4638755379104,0.0283705967,"diagnostic-k2","diagnostic-k2-147"
0.84296799278332,1,0.302,148,3.52700539328978,318025.005609903,299116.686668528,-660.6259850254,3.15044915787,18681.7371946289,-683.2176789236,26.9470194308,-4.3553255326,7.52119430320413e-05,0,0.269832703723691,0.0119974194310873,4.569,0.23258948,0.634883983456387,0.0238480631,"diagnostic-k3","diagnostic-k3-148"
0.811541080407029,3,0.282,149,4.87056233904335,323130.408719703,299381.994175869,-490.74633177264,3.20686054195,23529.6039751163,-482.7850725837,5.71994506946,-13.6812042584,8.24476284754408e-05,0,0.393700787401575,0.0142041212216519,3.198,0.13940414,0.443592469291151,0.0281143451,"diagnostic-k2","diagnostic-k2-149"
0.848266753259881,1,0.385,150,1.99399239411043,317224.167214859,299576.930167406,-747.8059381484,3.59181812981,17502.2868729861,-805.397813251,53.7492890798,3.8425860228,8.91443634729042e-05,0,0.329489291598023,0.0140631382898542,4.644,0.22377257,0.61988208779841,0.0227300464,"diagnostic-k4","diagnostic-k4-150"
0.832073587213191,2,0.237,151,4.8582754392841,321633.929597594,299255.763266474,-404.1511391496,3.24820066975,21984.4742276603,-434.5752490034,17.5003360289,12.9237738249,9.18750615629373e-05,0,0.322268772155978,0.0112308121195769,4.087,0.17750587,0.494356679029506,0.0251556061,"diagnostic-k3","diagnostic-k3-151"
0.815997586134893,3,0.328,152,3.70909791683708,322657.713440651,299437.680128245,-538.4598902852,3.30254168552,23039.8735778758,-535.5982208708,15.7629473006,-18.624616715,8.41629701782967e-05,0,0.447427293064877,0.0145568177117864,3.039,0.11676326,0.433111967048158,0.0249552749,"diagnostic-k3","diagnostic-k3-152"
0.831989919180222,3,0.38,153,4.32565878528142,322607.366353584,299557.332278627,-519.3955842267,3.48413970298,22844.9109382236,-519.2576286896,15.9963503307,-16.1343058678,6.27697266081268e-05,0,0.430663221360896,0.0141021420504133,3.035,0.115332,0.455616423495601,0.0240889703,"diagnostic-k2","diagnostic-k2-153"
0.800595274668244,1,0.338,154,4.87227981908072,317632.94892093,299453.155202663,-670.7266304151,3.22992005694,17969.6356672499,-738.6612568621,35.4765274527,32.4580989943,6.79360589201609e-05,0,0.325414904002603,0.0135617713973,3.733,0.17919914,0.595008254751983,0.023368425,"diagnostic-k3","diagnostic-k3-154"
0.9480979479686,3,0.276,156,4.70937554228682,323180.682876794,299670.556828136,-526.23257375184,2.72869846037,23327.5017459087,-511.9678366653,2.65593297836,-16.9206700649,8.94981944193609e-05,0,0.281135788585887,0.00990124345743045,5.753,0.24936203,0.475628115528122,0.0285906047,"diagnostic-k2","diagnostic-k2-156"
0.948604807211179,1,0.203,157,4.82097158455468,318619.760126889,300002.587905092,-719.8781169691,2.89744703997,18481.1487879162,-755.1512738872,27.79428305,7.4788738681,9.28646183296522e-05,0,0.343053173241852,0.014826096209296,4.605,0.24082237,0.490731079903623,0.0271959163,"diagnostic-k4","diagnostic-k4-157"
0.77441586592605,1,0.324,158,4.8227870627651,317627.713272341,299335.617636264,-663.0904135726,2.86673086908,18077.6869719314,-730.3433780351,49.9432827824,17.3096816801,9.33503278755881e-05,0,0.359971202303816,0.0147697516493188,3.316,0.15783217,0.57124676489115,0.0229451307,"diagnostic-k4","diagnostic-k4-158"
0.91662928896705,3,0.353,159,4.86769849493859,322737.055722529,299432.494304085,-499.656967451,3.59228215998,23075.9966361697,-492.3889654829,12.4843317315,-19.7523336996,0.000428790565560836,0,0.38550501156515,0.0129868727880618,3.522,0.13840721,0.454463353035739,0.0255253524,"diagnostic-k3","diagnostic-k3-159"
0.844522557171743,3,0.394,160,4.58097945979773,322648.508588558,299994.540700265,-566.4088660332,2.73442573298,22492.696101141,-552.0832159664,19.4514576885,-33.7771077553,8.53452854472527e-05,0,0.457875457875458,0.0166701171938312,3.004,0.12721596,0.465135275801685,0.025460264,"diagnostic-k4","diagnostic-k4-160"
0.818543470227787,3,0.387,161,4.87672287197612,322658.596551368,299962.469986081,-550.80013950212,2.79750918229,22521.1690100546,-536.4447827721,19.5041466173,-33.85950334732,6.95979240258541e-05,0,0.471475719000471,0.0170082386502345,2.823,0.11894097,0.458406011305224,0.0252401807,"diagnostic-k4","diagnostic-k4-161"
0.850329616443332,3,0.389,162,4.40663521700894,322629.568155207,299592.038312191,-499.2228758631,3.39867993673,22806.4429346486,-497.347691439,14.621923223,-16.4971076471,5.90168750672567e-05,0,0.4212299915754,0.0144196988121745,3.094,0.12243954,0.461164254044174,0.0248019505,"diagnostic-k3","diagnostic-k3-162"
0.833332048628159,1,0.305,163,2.51433575780211,317883.817440205,299129.358669036,-733.1446188784,3.86845746228,18598.7736533819,-750.5396516607,25.3768755197,-7.9818427374,9.76132105370713e-05,0,0.255754475703325,0.0116079278004674,5.255,0.27230533,0.662947153578184,0.0233512558,"diagnostic-k3","diagnostic-k3-163"
0.903671801067387,2,0.216,164,2.72707659647981,321448.395417774,299186.044163569,-491.73372208323,3.17658765773,21972.6445995743,-534.7060530512,20.3337507931,22.63858017487,8.72193343383561e-05,0,0.25980774227072,0.00919322004131174,6.551,0.29346821,0.525639322559126,0.0252477442,"diagnostic-k3","diagnostic-k3-164"
0.83003899422555,1,0.313,165,4.1352125771663,317703.069095276,299338.329641746,-686.4515393985,3.00780479711,18173.1135473999,-752.5279311982,36.3587218631,29.7176699366,7.75602277663899e-05,0,0.309119010819165,0.0130387352173867,4.292,0.20921379,0.601145065517279,0.0240746517,"diagnostic-k3","diagnostic-k3-165"
0.95460142844098,2,0.286,166,2.10948055575285,321249.258483499,299188.079069206,-544.4198841263,4.21547614423,21805.5690862124,-558.9523706954,17.0744359444,-2.5419493753,9.32142775358956e-05,0,0.272405339144647,0.0105312515787128,6.431,0.2915958,0.541160159775878,0.0268895487,"diagnostic-k3","diagnostic-k3-166"
0.909926105790045,2,0.271,167,4.39618944890072,321440.060579979,299885.305346031,-448.4819976336,2.36753341131,21225.2270422747,-534.0403088561,49.1425912719,36.4157199506,7.93799613782041e-05,0,0.378644452858766,0.0128141431198659,4.12,0.16848554,0.467528018233024,0.0246367582,"diagnostic-k4","diagnostic-k4-167"
0.723552385884783,3,0.385,168,3.64489563203303,322539.21350032,299944.558544274,-602.76620766561,2.88879214092,22475.7595338803,-586.3679116991,18.3097732872,-34.70806925371,7.59976499388604e-05,0,0.51413881748072,0.018531509015599,2.544,0.10683808,0.447352680971453,0.0246709632,"diagnostic-k4","diagnostic-k4-168"
0.882284826965775,2,0.337,169,4.50494778582538,321184.244962196,299376.59904216,-466.89176947974,2.99533016865,21466.5183184542,-522.8020898835,41.6375370091,14.27278339466,5.56249498527165e-05,0,0.352360817477097,0.0129612407088261,3.945,0.17109691,0.535467008376348,0.0244067345,"diagnostic-k4","diagnostic-k4-169"
0.871176467785427,2,0.232,170,4.30903923681216,321581.434061302,299284.490164229,-421.2814504677,3.08814490497,21922.5960427806,-455.2285666253,19.4494330661,14.4976830915,8.02075528066859e-05,0,0.299850074962519,0.0105678081912145,4.869,0.21503947,0.504762125143727,0.0252100204,"diagnostic-k3","diagnostic-k3-170"
0.878232863710324,1,0.339,171,4.64430065963463,318595.764660639,299817.131668827,-689.69299274799,3.70436857571,18568.641196243,-663.50318995163,3.72087433124,-29.9106771276,7.22330645916694e-05,0,0.213720880530028,0.00963742355831642,4.952,0.25662251,0.657635139952781,0.0235836426,"diagnostic-k2","diagnostic-k2-171"
0.721555339433781,3,0.365,172,4.7821928657215,322626.432593139,299427.235273549,-506.8474301493,3.32890385971,22969.1948745922,-506.4912753059,16.4981484726,-16.854303316,9.26393869455396e-05,0,0.505050505050505,0.0160937859005344,2.327,0.085744301,0.424394853010847,0.0233411489,"diagnostic-k2","diagnostic-k2-172"
0.836907914987281,3,0.255,173,4.71790312111115,323237.537205648,299342.718572136,-470.35565444761,3.09352619763,23650.2698113664,-457.9385182585,4.93456079499,-17.3516969841,9.4909243208254e-05,0,0.348918353105373,0.0130711212096794,3.932,0.18129674,0.46850148856913,0.0299904335,"diagnostic-k3","diagnostic-k3-173"
0.740749826745016,3,0.287,175,3.12887670344214,322918.264258797,299392.625655402,-563.92010317945,3.2668892971,23390.4134807397,-554.9890427588,5.55858236405,-14.4896427847,9.63701652809853e-05,0,0.425350914504466,0.0150135463139579,3.049,0.13092781,0.446858182414408,0.0256227475,"diagnostic-k2","diagnostic-k2-175"
0.870246029135895,3,0.317,176,4.2903472399621,322911.750626995,299417.085603608,-527.1843448126,3.53951985317,23300.5833752648,-507.428859251,8.3361109555,-28.0915965171,8.99506151048947e-05,0,0.370782350760104,0.0137824845574113,3.831,0.16904739,0.472174338672265,0.0277815514,"diagnostic-k3","diagnostic-k3-176"
0.820169845473394,1,0.26,177,4.86481344050268,318174.61389757,299283.398915648,-677.228217376,2.9856750965,18691.6601830408,-729.6805529956,42.6245176728,9.8278179468,0.000574999863383775,0,0.322997416020672,0.0134613310381581,3.983,0.19489719,0.573835792140793,0.0252411242,"diagnostic-k4","diagnostic-k4-177"
0.753428857081498,1,0.368,178,2.47360296073209,317323.447955187,299494.683468005,-744.6144071644,3.07638705556,17684.2612933406,-798.5667204794,51.6221913018,2.3301220132,7.66993667104148e-05,0,0.364298724954463,0.0155110288160744,3.79,0.18288737,0.603425917948593,0.0222760393,"diagnostic-k4","diagnostic-k4-178"
0.88751209796883,2,0.208,179,2.16775112430637,321701.063335105,299092.967386395,-539.99470675564,3.96911851586,22381.8033937598,-555.1421598593,9.24018387642,5.90726922724,5.7123190204716e-05,0,0.253356979984799,0.00880149480618191,6.487,0.287196,0.53453450229588,0.0245762623,"diagnostic-k3","diagnostic-k3-179"
0.829912785933001,2,0.392,180,4.62033424099294,320952.448466466,299893.802533004,-498.5876198074,2.81089738651,20752.2543006857,-545.7849962704,41.0328755485,6.1645009145,9.09844449512492e-05,0,0.418060200668896,0.0165923616780344,3.086,0.14233578,0.506764439362866,0.0250816617,"diagnostic-k4","diagnostic-k4-180"
0.719215311708637,1,0.309,181,4.8238271201027,317736.397468611,299787.807944664,-693.5724112151,2.58107783661,17778.1654414487,-759.4467851027,48.7540832784,17.1202906092,9.17472370768552e-05,0,0.43859649122807,0.0178939184464785,2.705,0.13069739,0.500850813343178,0.0242905222,"diagnostic-k4","diagnostic-k4-181"
0.869730709616258,3,0.353,183,4.32509743603146,322659.625903064,299427.951576693,-526.9597987042,3.75011669234,23033.6963107663,-518.1320101095,12.2950614807,-21.1228500754,9.95975173559833e-05,0,0.410340582683627,0.0139610815598835,3.295,0.13075868,0.450790306469107,0.025484554,"diagnostic-k3","diagnostic-k3-183"
0.880834691248499,3,0.307,184,4.13248214335142,322954.314921392,299423.432007147,-540.28574176932,3.28274776231,23359.1422170449,-518.7899723147,3.75959625038,-25.255365705,9.38986636275654e-05,0,0.351246926589392,0.0135788632174942,4.065,0.18672577,0.475504943797627,0.0294765686,"diagnostic-k2","diagnostic-k2-184"
0.798905670048791,2,0.4,185,2.14208718514863,320677.244403714,299919.301857735,-608.99936792631,3.48747972896,20569.4721549841,-656.2241390315,41.3221527036,5.90261840159,8.8419176209227e-05,0,0.413907284768212,0.0161411528880171,3.498,0.15799301,0.525592542741151,0.0241838965,"diagnostic-k4","diagnostic-k4-185"
0.789086081978016,2,0.338,186,4.29896710685569,321053.673020278,299809.357379927,-498.17182001546,2.63231151185,20961.2191285555,-569.341316725,43.9708725322,27.19862417734,7.31638771315126e-05,0,0.416146483562214,0.0151138007263128,3.164,0.13747602,0.484381238245019,0.0253489872,"diagnostic-k4","diagnostic-k4-186"
0.780176420147128,3,0.376,187,4.30929130040765,322598.296585354,299793.492795598,-562.2930285803,2.80564694689,22636.0273114299,-556.2964537693,20.8684633186,-26.8650381296,8.5206240562756e-05,0,0.478697941598851,0.0170776502180556,2.835,0.11788258,0.461232511404692,0.0248610548,"diagnostic-k4","diagnostic-k4-187"
0.906420631457986,3,0.353,188,4.51197949459336,322731.340977121,299429.196246196,-495.8824818411,3.38697973776,23069.9227831584,-488.5662306357,12.535046798,-19.8512980034,9.61770592885189e-05,0,0.392464678178964,0.0132187462376506,3.456,0.13579919,0.452400694316986,0.0255320883,"diagnostic-k3","diagnostic-k3-188"
0.919859031068902,2,0.273,189,4.34772314046903,321427.115086035,300009.928356471,-498.63870027305,2.54300167016,21132.728327088,-568.8937834723,52.4846519277,17.77043127155,6.99119256359408e-05,0,0.382701875239189,0.013792162337464,4.359,0.18833549,0.473188239648766,0.0256032658,"diagnostic-k4","diagnostic-k4-189"
0.891376662236899,3,0.209,190,2.32046949082456,323722.319269092,299158.578041353,-499.20506166835,3.54442089013,24351.7690197357,-464.585916443,-10.4926477912,-24.12649743415,9.85269634814371e-05,0,0.263088660878716,0.00990412960959547,6.777,0.31587738,0.523124391992252,0.0279616983,"diagnostic-k3","diagnostic-k3-190"
0.792278945909685,3,0.386,191,4.72361635353829,322612.833543645,299551.72636184,-510.0660299982,3.59117034442,22840.7086738088,-507.9788961101,14.7450426467,-16.8321765348,7.79301608923963e-05,0,0.45004500450045,0.015331300330033,2.755,0.10849949,0.452089549685323,0.0245027683,"diagnostic-k3","diagnostic-k3-191"
0.881130425777134,3,0.304,192,4.87491566682379,323004.814509483,299327.524241295,-492.62511653458,3.6067690111,23445.3098374433,-474.5284398277,8.89903614192,-26.9957128488,8.72567233517043e-05,0,0.370919881305638,0.0135901138204389,3.791,0.16573693,0.467722082626167,0.0277321175,"diagnostic-k3","diagnostic-k3-192"
0.761574132724131,1,0.335,193,3.31916826683297,317631.419425349,299297.503447373,-745.6393154321,3.13972410021,18195.0124149502,-791.5756477189,29.9119314991,16.0244007877,9.73718656301056e-05,0,0.315656565656566,0.0136936854895365,3.865,0.1912507,0.608470407268051,0.0234429197,"diagnostic-k3","diagnostic-k3-193"
0.891621494913592,2,0.375,194,2.62438559984262,320778.908205053,299486.340528095,-523.70062117154,3.59796773531,21013.2652858426,-578.6201825206,26.7456489313,28.17391241776,9.92623078188387e-05,0,0.352858151023289,0.0122219692397632,4.261,0.1707265,0.526246786719704,0.0236490879,"diagnostic-k3","diagnostic-k3-194"
0.705248189641972,2,0.249,195,4.82135874692324,321614.997081551,299349.525054655,-409.9597878383,3.19429597161,21878.3254026924,-438.6215930616,17.9094130236,10.7523921997,6.2676590516099e-05,0,0.40048057669203,0.0141144694788726,2.906,0.12655704,0.46831318882151,0.0248885624,"diagnostic-k3","diagnostic-k3-195"
0.816545264955321,1,0.395,196,2.462383234525,317174.4434535,299263.692532457,-749.2441106959,3.67421197392,17759.2982998119,-780.0654996699,33.6471693007,-2.8257803267,7.69733089248034e-05,0,0.283205890682526,0.0122894821733764,4.417,0.21445528,0.651917016801461,0.0226930506,"diagnostic-k3","diagnostic-k3-196"
0.786404921745697,1,0.221,197,4.82129656812011,319366.283402984,299300.824046245,-655.14666259987,3.98624481328,19834.1165360561,-628.60003587726,1.72898631119,-28.2756130338,0.000458357629814867,0,0.214132762312634,0.0112633477354068,4.498,0.27954885,0.64097745133801,0.0255456575,"diagnostic-k3","diagnostic-k3-197"
0.871421490565079,1,0.338,198,2.21810959643746,317347.791820425,299328.853702941,-745.6997465151,3.47196301327,17886.2265008334,-805.1416291727,47.6360590142,11.8058236434,9.14736939792401e-05,0,0.297619047619048,0.0124545222331208,5.136,0.24667444,0.623573274198268,0.0229459358,"diagnostic-k4","diagnostic-k4-198"
0.671605526456364,3,0.357,199,4.27601458974943,322736.048513947,299514.206383209,-505.5955146293,3.36141010848,23006.4568019958,-501.7291832189,13.7117248234,-17.5780562338,8.52298035527714e-05,0,0.533333333333333,0.0174018955399061,2.138,0.081670011,0.40390967611102,0.0241290872,"diagnostic-k2","diagnostic-k2-199"
0.834088403957593,2,0.4,200,2.65958160044495,320606.969288875,299352.150737192,-516.25990024979,3.50679704181,20946.8664029655,-566.0457422103,29.9832807288,19.80256123171,6.88133963047118e-05,0,0.382848392036753,0.0134120210250597,3.638,0.14521995,0.525758656229206,0.0229589701,"diagnostic-k3","diagnostic-k3-200"
0.813060260639295,2,0.374,201,4.82281756219359,321709.6780607,299813.662698317,-399.04574098708,3.53939575048,21470.824093045,-443.1552850256,32.8829054045,11.22663863402,8.89074675001683e-05,0,0.34952813701503,0.0128323858010809,3.639,0.15594545,0.566662721323767,0.0228190053,"diagnostic-k2","diagnostic-k2-201"
0.910144589020982,1,0.215,202,4.74073011609638,318410.496898526,298938.58989513,-585.49382628541,3.09960266813,19177.0807852995,-624.18210533371,18.5369063185,20.1513727298,9.61703975430189e-05,0,0.205973223480947,0.00899187364608118,6.569,0.34814329,0.60564879931177,0.0240867526,"diagnostic-k2","diagnostic-k2-202"
0.837990176510902,1,0.328,203,2.20458884408352,317523.638825173,299339.081731016,-748.8982295027,4.17255751844,18054.7909980912,-800.7481880433,33.680956141,18.1690023996,9.17949864689565e-05,0,0.287026406429391,0.0124621706248572,5.073,0.25208415,0.624438145973996,0.0241585088,"diagnostic-k3","diagnostic-k3-203"
0.737973622703495,1,0.375,204,3.75034850071318,317450.653913313,299875.379896258,-682.79724354601,2.24946312482,17377.0565964512,-747.0073210596,48.7869239119,15.42315360169,7.54406774146854e-05,0,0.420875420875421,0.0180174642600872,2.851,0.13960726,0.539469516027457,0.0233575674,"diagnostic-k4","diagnostic-k4-204"
0.720447980386661,1,0.337,205,4.68110871062266,317969.888050357,299010.038940792,-698.2672562199,3.90167598907,18751.145792703,-702.7768838756,30.7474619235,-26.2378342678,9.62893899922927e-05,0,0.303951367781155,0.0129277916821114,3.156,0.15268198,0.63805869591647,0.0208653487,"diagnostic-k4","diagnostic-k4-205"
0.865281771428581,3,0.359,206,4.05899808158055,322887.328658865,299570.724777816,-563.3612292409,2.96534117089,23139.7078907208,-554.7021225674,16.7659120035,-25.425018677,6.59305425820174e-05,0,0.40551500405515,0.0146912397568828,3.631,0.15374253,0.498280055291267,0.0248138731,"diagnostic-k4","diagnostic-k4-206"
0.7857929424777,2,0.38,207,4.51149023665196,320922.612061605,299707.687438257,-479.51265834353,2.76834443549,20884.1218185979,-536.0698777351,47.3970659676,9.16015342397,9.30593667420323e-05,0,0.433275563258232,0.0163364865125251,2.996,0.13102699,0.504085188697734,0.0243703914,"diagnostic-k4","diagnostic-k4-207"
0.832270756052384,3,0.374,208,2.9157288662135,322460.127372325,299773.666966991,-611.59441068252,3.15196935978,22570.7757151322,-600.7155091786,20.0915295403,-30.97043104422,5.96731812099663e-05,0,0.441111601235113,0.0157342178299938,3.426,0.14191948,0.480730238943391,0.0246238235,"diagnostic-k4","diagnostic-k4-208"
0.751638137887118,2,0.325,209,2.27382597319371,320861.457361601,299398.62256631,-519.57579678097,4.05381007869,21184.131272963,-584.0487404355,29.9334755853,34.53946806923,6.80875971646358e-05,0,0.428082191780822,0.0144716349790941,3.385,0.13418572,0.490826290968299,0.0236730437,"diagnostic-k3","diagnostic-k3-209"
0.756740133770308,3,0.377,210,4.82566807625448,322670.367255134,299545.757772428,-496.6367075296,3.53751498021,22893.3236973075,-496.8327712043,15.9614438712,-15.7653801965,9.01773107153861e-05,0,0.476871721506915,0.015918504217922,2.525,0.097909715,0.436413975943923,0.0244502861,"diagnostic-k3","diagnostic-k3-210"
0.804664677970499,2,0.289,211,2.30435678733497,321330.520142085,299270.799780087,-562.2310751186,4.02950479848,21832.6476529049,-576.8048408386,11.6957543383,2.8780113817,8.9155822900487e-05,0,0.330469266358229,0.0121215134886034,4.182,0.18650526,0.525801244405159,0.0239002335,"diagnostic-k2","diagnostic-k2-211"
0.925133671401643,3,0.398,212,4.69000418229052,322734.120377006,300084.334075156,-509.1783084008,3.15375472215,22441.2961774955,-520.5579127383,21.0762632651,-9.6966589276,9.91325405651127e-05,0,0.408496732026144,0.0127812748801126,3.493,0.12790527,0.439375007213311,0.0246508391,"diagnostic-k3","diagnostic-k3-212"
0.824426742060421,3,0.38,213,2.71232269382969,322455.932648762,299917.595152403,-638.59333985923,3.26741867363,22459.5871003861,-622.8935476449,18.305548237,-34.00534045133,5.8651373576641e-05,0,0.448631673396142,0.0161664601840027,3.319,0.13921954,0.477707814560555,0.0247435498,"diagnostic-k4","diagnostic-k4-213"
0.824221701462216,3,0.238,214,4.60698459165641,323105.867909007,299360.578876206,-458.23756683137,2.87524899204,23494.0279815994,-462.6238391745,9.25050714503,-4.8642348019,4.09152226359752e-05,0,0.366703337000367,0.0125760452284339,3.755,0.16194308,0.448155055688781,0.0272154013,"diagnostic-k3","diagnostic-k3-214"
0.893550824604242,1,0.393,215,4.32526946091265,317270.819658747,299512.982347383,-671.516589084,2.98369390709,17536.6916410529,-739.7718094442,39.7722791807,28.4829411795,9.03648266398509e-05,0,0.308832612723904,0.0128097033077038,4.221,0.19863986,0.599389285281053,0.0233687252,"diagnostic-k3","diagnostic-k3-215"
0.83360637850489,3,0.296,216,4.804944547287,323104.957318328,299646.601408866,-505.53079847574,3.07831904445,23256.3106939501,-495.4461016754,9.58901202186,-19.6737088222,7.92891368700227e-05,0,0.404367165386171,0.014080418293353,3.327,0.14061474,0.435658761142398,0.0274604125,"diagnostic-k2","diagnostic-k2-216"
0.882482796351685,3,0.383,217,4.73394990820961,322665.026570789,299944.66542905,-560.32227300266,2.78286958875,22554.9301835179,-544.9853996647,18.7149839015,-34.05185723946,4.78644377022202e-05,0,0.43630017452007,0.015804751426751,3.233,0.13686866,0.469544595384537,0.0256247311,"diagnostic-k4","diagnostic-k4-217"
0.797079540563467,3,0.269,218,4.87266524986755,323169.613164324,299597.889586463,-527.42143752609,2.74404788964,23389.7642962889,-515.6895371542,2.47838585351,-14.2102862254,8.30894612839209e-05,0,0.391542678151919,0.0135732622374658,3.411,0.14566637,0.448628108764153,0.0280129574,"diagnostic-k2","diagnostic-k2-218"
0.848677135644611,2,0.311,219,4.64103813530017,321339.543687541,299273.517001696,-436.302080016,3.49264588405,21684.387641031,-469.1861021686,19.4815950022,13.4024271504,9.54489127880938e-05,0,0.362713093942691,0.0130967058517841,3.778,0.16080542,0.512451093418071,0.0250454225,"diagnostic-k3","diagnostic-k3-219"
0.812949000560894,3,0.233,220,4.66186982137745,323278.013043057,299670.15972295,-526.58363904512,2.65922068313,23435.0993698201,-519.2871447534,4.74956134288,-12.0460556346,9.92614396943664e-05,0,0.367107195301028,0.012824209203358,3.75,0.16571622,0.44288904635612,0.029624505,"diagnostic-k2","diagnostic-k2-220"
0.881619096127865,1,0.37,221,2.1108735659351,317297.495749762,299500.299983689,-750.0206290724,3.47942828025,17657.7638730849,-804.4555746251,52.3057359453,2.1292096074,9.19532447268565e-05,0,0.31328320802005,0.0133593073453052,5.018,0.24217591,0.624253339635476,0.0228690597,"diagnostic-k4","diagnostic-k4-221"
0.911582912330474,1,0.239,222,4.85178150431784,318338.292885885,299011.707888879,-589.20392991145,3.30551487044,19032.6719564056,-621.02721854605,16.0597086656,15.763579969,7.62095515178709e-05,0,0.206015657189946,0.00912947427333875,6.263,0.33073703,0.614547533398611,0.0245609184,"diagnostic-k2","diagnostic-k2-222"
0.894430823272211,1,0.37,223,4.20573521838543,317488.086595103,299501.082776075,-671.4074433447,2.72819710515,17768.5080878849,-728.8106188454,48.5407766327,8.862398868,9.56001740787706e-05,0,0.319897632757518,0.0132496184362414,4.068,0.19162046,0.600043575841896,0.022904502,"diagnostic-k4","diagnostic-k4-223"
0.829178923791269,1,0.3,224,4.54908800828865,318045.06744727,299089.041962692,-662.7302953306,3.79557196902,18730.2771703057,-677.0795034132,24.603867408,-10.2546593254,7.86842425240897e-05,0,0.269179004037685,0.0120048072186438,4.286,0.2189847,0.638717512381481,0.0235745954,"diagnostic-k3","diagnostic-k3-224"
0.806627730526373,1,0.266,225,1.96448962375685,317932.110694422,299369.403300107,-750.7333691825,4.26832066266,18446.1857469238,-814.1845008246,48.3608255923,15.0903060498,6.64342257853283e-05,0,0.316957210776545,0.0131689646181579,4.95,0.24221501,0.603524887914452,0.0240555721,"diagnostic-k4","diagnostic-k4-225"
0.899628331596252,1,0.374,226,4.8254117484447,317461.231498175,299637.853902928,-689.497889711,3.27345676994,17625.9920869127,-744.9168423828,48.4546806356,6.9642720362,8.79820329965341e-05,0,0.324149108589951,0.0137986850500495,3.884,0.18861396,0.594715582693875,0.0233663538,"diagnostic-k4","diagnostic-k4-226"
0.81096193904791,3,0.233,227,2.47450612856337,322885.510791545,299304.1022002,-541.33303011234,3.56918921657,23423.4724207865,-553.128934682,9.31183072356,2.4840738461,9.93119199542602e-05,0,0.364166059723234,0.0123619767896434,4.239,0.1817096,0.464965067440772,0.0259414184,"diagnostic-k3","diagnostic-k3-227"
0.871454459243623,3,0.33,228,4.50945923106504,323038.761522593,300100.348958449,-589.75019748463,2.66119353643,22827.8300294724,-563.0136313159,3.09782985357,-29.8343960223,9.10907905726652e-05,0,0.386847195357834,0.0133169249017718,3.73,0.15625017,0.437653840309684,0.0269180064,"diagnostic-k2","diagnostic-k2-228"
0.844647353657036,1,0.222,229,3.69705820681985,318393.572873086,298925.69080478,-580.62540629867,2.49816207326,19166.3667296334,-618.75037701277,18.008023516,20.1169471981,9.66094671983493e-05,0,0.240269101393561,0.0106294866772078,5.297,0.28233949,0.600281240152357,0.0241079868,"diagnostic-k2","diagnostic-k2-229"
0.779392663461061,1,0.365,230,2.40496138079226,317373.176406686,299485.17804436,-762.998790654,3.14647787093,17765.5637004709,-807.868854544,52.1498095038,-7.2797456138,9.38018865018201e-05,0,0.342817963661296,0.0148153552048586,3.991,0.19581339,0.617195777436405,0.0223027675,"diagnostic-k4","diagnostic-k4-230"
0.922837366671792,1,0.386,233,2.39864966253193,317228.039111291,299277.030901313,-734.0816101287,3.69490322672,17782.9941217847,-774.7895865695,37.7335277148,2.974448726,9.13271084621276e-05,0,0.251698968034231,0.0107592845160019,5.595,0.26868983,0.664978213843856,0.0224270833,"diagnostic-k3","diagnostic-k3-233"
0.829441872693832,2,0.38,234,4.19709762349938,320943.970982242,299608.107278432,-458.95978229048,3.17969283059,20984.4975247412,-510.8316703423,24.7915159092,27.08037214262,8.89755444682453e-05,0,0.392772977219167,0.0137297454116975,3.428,0.13864952,0.502930142619243,0.0239448694,"diagnostic-k3","diagnostic-k3-234"
0.791376245398476,1,0.362,235,2.96588875216623,317452.685437824,299408.567382116,-745.1838777027,2.77565668578,17900.4891912004,-789.8486492867,53.1759599557,-8.5111883717,8.95294959524876e-05,0,0.326157860404436,0.0139680418139661,3.905,0.18987247,0.618764828582836,0.0222492703,"diagnostic-k4","diagnostic-k4-235"
0.77688272260251,3,0.36,236,4.45023469205525,322695.728250101,299440.635096586,-488.0775342501,3.33351298257,23009.3865875469,-487.3068633259,14.5905057264,-15.3611766506,7.68728987371169e-05,0,0.467508181393174,0.0152306503193006,2.615,0.098966716,0.436132143557125,0.0242138787,"diagnostic-k3","diagnostic-k3-236"
0.810567919089808,1,0.275,237,4.42656415986303,318238.540070886,299958.910824361,-715.3145451307,2.66042075645,18135.0194760432,-757.6707009857,40.6447593679,1.7113964871,8.66608653711576e-05,0,0.372023809523809,0.0163576394327833,3.473,0.1831779,0.539754970897592,0.025316187,"diagnostic-k4","diagnostic-k4-237"
0.855349805672841,1,0.26,238,4.84707196295725,318171.445973144,299281.705563237,-676.8833670535,3.03373538808,18689.4335745925,-729.9790806764,42.8566227897,10.2390908332,5.58401159302703e-05,0,0.307314074984634,0.0128728009030558,4.325,0.21258017,0.580926521004493,0.0254942463,"diagnostic-k4","diagnostic-k4-238"
0.762020300279457,2,0.2,239,4.80690374730169,324450.947654949,298954.951487132,-107.71362050081,4.45356734897,24768.5173356247,-135.3503448552,-6.48319841635,34.11992277074,9.9431549076294e-05,0,0.184672206832872,0.00633746103247012,5.449,0.22635977,0.682097956650731,0.0199747536,"diagnostic-k3","diagnostic-k3-239"
0.790107469043151,3,0.369,240,3.10147668207798,322569.739547008,299708.814377063,-559.4880655533,3.47970870174,22704.0441022328,-567.7051310813,20.7300322925,-12.5129667645,8.2679168658887e-05,0,0.465766185374942,0.0150944126707288,2.934,0.1103083,0.437142084751901,0.0248136292,"diagnostic-k3","diagnostic-k3-240"
0.80675151376732,1,0.258,241,4.88009266259395,318442.736369373,299192.03780499,-634.62323494023,3.72268970859,18993.1725192931,-634.77105844003,12.584727023,-12.4369035232,6.77472329230715e-05,0,0.239578342117873,0.01162863614815,4.486,0.25286966,0.617337131453855,0.0273930386,"diagnostic-k3","diagnostic-k3-241"
0.875550272902672,3,0.288,242,2.24278838002247,322798.603846727,299306.962486973,-599.10204467295,4.5019702896,23387.7039205417,-577.2798970563,5.31550129805,-27.1376489147,8.77840428316795e-05,0,0.348675034867504,0.0133785372350966,4.57,0.20872516,0.483526575867281,0.0285905415,"diagnostic-k3","diagnostic-k3-242"
0.925969153027564,1,0.29,243,2.25302772776129,318137.900688991,299166.217415499,-739.6085864294,3.91524752292,18822.4061070398,-715.3072274468,11.0158512263,-35.3172102089,6.48382695532102e-05,0,0.200360649168503,0.0104227628727639,7.221,0.42972565,0.665392624346548,0.0282585679,"diagnostic-k3","diagnostic-k3-243"
0.820905531142013,2,0.231,244,4.69699910497028,321631.314061375,299284.0254844,-402.1028350401,3.16691611251,21951.60195729,-436.0657169791,19.4513101955,14.5115717435,5.24620050758874e-05,0,0.332336324360253,0.0116790465693911,4.063,0.17910662,0.493656178031226,0.0250639633,"diagnostic-k3","diagnostic-k3-244"
0.782543016226363,2,0.231,245,3.92254498698215,321661.446887838,299283.948335024,-389.6149326783,2.8037495805,21968.6855185442,-423.8949690071,19.8161897436,14.4638465852,6.86046844810575e-05,0,0.357525920629246,0.0124938036971293,3.705,0.16243204,0.484197692539832,0.0249564226,"diagnostic-k3","diagnostic-k3-245"
0.876478223811171,3,0.295,246,4.85519313186255,323048.396659232,299408.276348291,-500.93105681979,3.34088573897,23428.6737510817,-483.0500888886,6.22285173201,-24.1038196632,9.9423143462087e-05,0,0.361141206211629,0.0137246215808452,3.795,0.17299407,0.461143502119664,0.0297099048,"diagnostic-k2","diagnostic-k2-246"
0.80434538631462,1,0.368,248,3.78766637167614,317500.084039118,299606.694908275,-685.9256722096,2.49475813548,17694.5339911727,-739.1971534902,47.4390215386,5.832459742,8.9614374882408e-05,0,0.361141206211629,0.0154813203391097,3.373,0.16498853,0.580326733751746,0.0229785807,"diagnostic-k4","diagnostic-k4-248"
0.859447710903083,2,0.234,249,2.27728932150487,321471.368439465,299511.375658632,-548.1927716127,3.48966088253,21736.8447336626,-575.3146273037,16.9112614322,10.2105942588,9.78589290317914e-05,0,0.28169014084507,0.0106351141023355,5.639,0.26370373,0.528413054988138,0.0280004632,"diagnostic-k2","diagnostic-k2-249"
0.916639670877245,2,0.371,250,4.87503197359353,321740.633361955,299852.097747129,-498.60782811413,3.53104016225,21575.3917134357,-487.4706830881,3.22296900707,-14.3601140331,5.26488199004528e-05,0,0.277623542476402,0.0110646975438632,4.948,0.2313847,0.567320998799356,0.0260274205,"diagnostic-k2","diagnostic-k2-250"
0.821953029838139,1,0.377,251,2.06464783131164,317271.729368719,299205.275883383,-746.2971374306,4.15318457713,17910.8845502395,-776.6183552767,34.973544483,-4.6523266369,7.81070012529823e-05,0,0.279173646007817,0.0120108718486321,4.733,0.22861711,0.654550852457694,0.0224746773,"diagnostic-k3","diagnostic-k3-251"
0.842121749075583,2,0.319,252,4.82505469646432,321581.407997077,299680.536078302,-488.19010218633,3.06386459822,21577.314723917,-524.7651523376,44.6385122401,-8.06346208883,7.6692484172882e-05,0,0.38550501156515,0.01484222429429,3.66,0.16649408,0.527707566517907,0.0246805006,"diagnostic-k4","diagnostic-k4-252"
0.892852145288461,1,0.278,253,4.70097868539994,318293.361596638,299285.453236156,-621.8893256178,3.28413174754,18740.9352878515,-631.3133921599,10.7368703288,-1.31280378669999,7.87942698640952e-05,0,0.217817468961011,0.00970729640924333,5.484,0.28606605,0.617369851188888,0.0252971067,"diagnostic-k2","diagnostic-k2-253"
0.678735735405313,2,0.398,254,2.55775411445877,320809.879266179,299814.262189982,-520.65651301518,3.98466813244,20717.1854721687,-579.9808504995,38.5252085779,20.79912890642,8.79015311995837e-05,0,0.427715996578272,0.0160901981110217,3.123,0.13700551,0.533912666114076,0.0233314066,"diagnostic-k2","diagnostic-k2-254"
0.664576745272848,1,0.388,255,2.28670468727563,317219.29146084,299213.216294383,-753.4688503617,3.95088669434,17859.4358300192,-779.8920067389,31.7424902542,-5.319333877,7.94290636038846e-05,0,0.329924117452986,0.0143031052492021,3.432,0.16662716,0.630379663900429,0.0216829921,"diagnostic-k3","diagnostic-k3-255"
0.732529813264092,1,0.204,257,4.67081795873342,318502.216014673,298926.358706849,-588.1730749152,2.88834894501,19280.6044762855,-625.0514553815,16.8535817445,20.0247987218,9.94017531905932e-05,0,0.283527076835838,0.012561281303418,3.934,0.2122664,0.580514209562462,0.0229192986,"diagnostic-k2","diagnostic-k2-257"
0.941973357326675,2,0.384,258,4.02535583553531,320926.406494875,299522.650337076,-464.48838102714,3.19605640017,21058.246415553,-515.393098763,23.8695321371,27.03518559876,9.30592470754494e-05,0,0.337154416722859,0.0116542107886902,4.274,0.17033928,0.519630654283089,0.023848753,"diagnostic-k3","diagnostic-k3-258"
0.76375226486974,3,0.206,259,2.30663488975789,322993.026388376,299245.52008389,-557.76453102979,3.82443102013,23613.526617642,-562.834302576,6.30836384351,-1.2385922973,8.89356593599138e-05,0,0.384024577572965,0.0124799188311181,3.932,0.16504557,0.452530099419609,0.0256143332,"diagnostic-k2","diagnostic-k2-259"
0.834759234190789,2,0.324,260,2.65557472364545,321055.58998946,299850.91426328,-582.8703174811,2.95101734163,21005.6109541178,-637.8916602063,41.6579209621,13.3634217631,7.63279034206791e-05,0,0.412031314379893,0.0154621527974511,3.604,0.1597234,0.493992472383696,0.0252351723,"diagnostic-k4","diagnostic-k4-260"
0.918885650588651,3,0.281,261,4.78132910349968,323123.3672528,299312.784226074,-488.72283235267,3.45095870459,23581.8563104168,-469.7503127106,6.38657749563,-25.3590971377,9.99277496944808e-05,0,0.335683115139308,0.0124095189993557,4.331,0.19319931,0.467700100204874,0.0290861281,"diagnostic-k3","diagnostic-k3-261"
0.845984706663485,1,0.325,262,2.55826343003396,317546.618588975,299327.000991459,-747.5541756476,3.72473223098,18088.5346247379,-800.6798246474,33.5179889466,19.6076600532,8.65455392795495e-05,0,0.285795941697628,0.012928120979892,5.002,0.25869893,0.623313921665269,0.0249284343,"diagnostic-k3","diagnostic-k3-262"
0.849188724430703,3,0.333,263,2.35613848833227,322547.909742566,299435.197271845,-591.3851117086,4.22824387205,22991.7236867664,-586.6096176631,15.1491496846,-19.9246437301,7.11619070603926e-05,0,0.4151100041511,0.0138501213490548,3.662,0.14358271,0.45518515897853,0.0249346862,"diagnostic-k3","diagnostic-k3-263"
0.825099834269574,1,0.369,265,4.72582414501009,317586.456525027,299585.590240712,-680.9747296612,3.08007726132,17799.8443318898,-743.1171579206,33.1658398847,28.9765883747,4.18568923749223e-05,0,0.324044069993519,0.0136338987961804,3.687,0.17710407,0.58344096868983,0.0244168887,"diagnostic-k3","diagnostic-k3-265"
0.82484949079388,1,0.328,267,4.09121710722396,317610.840876589,299392.926156551,-693.5060402282,2.95440299513,18033.0042463389,-761.4677261105,35.4933195229,32.4683663594,9.19761887733047e-05,0,0.312891113892365,0.0130454749217914,4.201,0.20211265,0.601923450738684,0.0239145792,"diagnostic-k3","diagnostic-k3-267"
0.77828352691838,3,0.261,268,2.44598477866817,322950.291971576,299338.423030551,-576.32073684569,3.63370148878,23488.700988595,-561.7156327046,2.94538987461,-17.5504940157,9.19777436695909e-05,0,0.37397157816006,0.0143807725615961,3.906,0.18316908,0.478121210588156,0.0291715698,"diagnostic-k3","diagnostic-k3-268"
0.814873840414146,1,0.379,269,2.63950693681099,317380.25181332,299633.671525524,-772.2121982232,2.89175451529,17635.6525403432,-810.1204825637,51.1182536011,-13.2099692606,8.13470258566573e-05,0,0.329380764163373,0.0145686291949353,4.029,0.20215935,0.620316777482891,0.0226673787,"diagnostic-k4","diagnostic-k4-269"
0.857345625396374,3,0.396,270,4.4990060187473,322667.637139119,300014.544641838,-547.79133018158,2.65419088292,22473.8879093986,-534.0624039814,20.3732086997,-34.10213489988,9.73647303850806e-05,0,0.455166135639508,0.0164471754412583,3.03,0.12753219,0.46421336225514,0.025354194,"diagnostic-k4","diagnostic-k4-270"
0.851950933932781,1,0.272,271,2.23223877014574,317821.627377608,299617.821926087,-751.6588585551,3.76970159821,18096.3926432866,-822.7516571131,53.750880043,17.341918515,7.29166106482261e-05,0,0.34447123665174,0.0142095855925799,4.818,0.23525269,0.55887413063037,0.0252351199,"diagnostic-k4","diagnostic-k4-271"
0.871088355936828,1,0.231,272,4.71843290888429,318368.612148338,299764.44201372,-712.7618348797,2.56847252615,18467.5210726731,-768.1198268844,36.8960878372,18.4619041675,9.21413875382567e-05,0,0.351370344342937,0.0144714163343549,4.097,0.20480333,0.515674771503158,0.0264068878,"diagnostic-k4","diagnostic-k4-272"
0.827867143900699,3,0.213,274,3.58845289760593,323158.45387397,299421.495023651,-477.03686779552,2.87150237789,23520.7418033316,-476.2977689756,4.23646857438,-4.9755673943,9.25220051627079e-05,0,0.345542501727713,0.0117057499540333,4.297,0.18693651,0.453561230908402,0.0278756681,"diagnostic-k2","diagnostic-k2-274"
0.904315370987925,2,0.394,275,4.31518162523587,320944.892994764,299900.674860546,-513.30199274993,2.7594359022,20752.735570205,-560.1349542835,40.8410766673,5.99188486627,9.63455479528778e-05,0,0.381242851696531,0.0151424731172109,3.622,0.16698123,0.520626700395801,0.0253188335,"diagnostic-k4","diagnostic-k4-275"
0.816610568119019,3,0.237,277,2.67978218636153,322913.004409094,299392.102955992,-590.674028336285,3.34955673656,23417.559974385,-582.9439458883,0.893261428715,-8.6233438767,6.97193282684274e-05,0,0.364033491081179,0.0120469033596833,4.275,0.17768839,0.463378529777715,0.0259744751,"diagnostic-k2","diagnostic-k2-277"
0.884555457405498,3,0.37,278,4.57331879732078,322595.862218766,299578.255622517,-510.837031502,3.35318779171,22805.6757517927,-512.2191415684,16.6156809442,-15.2335708778,9.39835705491033e-05,0,0.404367165386171,0.0133446756384098,3.395,0.13040626,0.460504799948576,0.024644315,"diagnostic-k2","diagnostic-k2-278"
0.733188080368526,3,0.28,279,3.32576407214965,323000.926441979,299283.568677834,-545.29594628181,3.3646453561,23557.4699481782,-533.575030201,4.99008193469,-16.7109980155,9.91188980564091e-05,0,0.42863266180883,0.0157738863418542,2.978,0.13191058,0.447084796954824,0.0275016002,"diagnostic-k2","diagnostic-k2-279"
0.88575056759931,2,0.361,280,2.84812986210612,321215.67663111,299594.659978015,-568.06854358516,3.17407747836,21383.8500570011,-609.8879244768,37.2912656346,4.52811525704,9.08233600503377e-05,0,0.343170899107756,0.0127839686516149,4.148,0.18080192,0.549390388507413,0.0239245682,"diagnostic-k4","diagnostic-k4-280"
0.858185840465748,1,0.367,281,3.66610134110237,317439.504466527,299269.032840912,-665.6140291726,2.70082371097,17938.2752323304,-716.0654187765,36.5398089922,13.9115806117,5.65374533135364e-05,0,0.300661455201443,0.0123329421829474,4.142,0.19196675,0.618382550055004,0.022360377,"diagnostic-k3","diagnostic-k3-281"
0.888616624448129,2,0.231,282,4.56213442760337,321668.099944561,299286.883913636,-387.7856830868,3.10451654966,21969.800122086,-422.0305428851,19.6529172921,14.5919425062,6.57231995166002e-05,0,0.290023201856148,0.0101421368642313,5.001,0.21940212,0.501845989593324,0.0253782281,"diagnostic-k3","diagnostic-k3-282"
0.773163128572942,2,0.289,283,4.32504779349321,321463.448220023,299302.251782288,-471.7216124529,3.62570087749,21833.5349335083,-484.3234495082,15.4269792861,-2.8251422308,7.88094643236478e-05,0,0.379075056861259,0.014775918780247,3.317,0.15256018,0.493286567990121,0.0279175816,"diagnostic-k3","diagnostic-k3-283"
0.859409965517133,3,0.315,284,4.84344501265624,322984.563232227,299399.338757735,-501.02318053301,3.61229834445,23362.0660235554,-481.2977800441,8.11715624079,-27.8425567297,9.30591545013412e-05,0,0.377928949357521,0.0140432726248988,3.64,0.16089742,0.46945820712695,0.0277948241,"diagnostic-k3","diagnostic-k3-284"
0.893954424878609,3,0.337,285,2.70566866185847,322627.77803356,299703.390510781,-577.095822074,3.96781921456,22791.5060727401,-580.5367253456,19.6190445533,-16.1781412817,9.77000698415182e-05,0,0.381825124093165,0.0127920125074829,4.26,0.16887056,0.473128621686581,0.0250794561,"diagnostic-k2","diagnostic-k2-285"
0.859272275027519,2,0.382,286,4.73467454544886,321026.109710036,299833.30041659,-469.64294944249,2.82562376376,20857.9324963714,-519.8319590577,44.2364059039,5.95260371131,9.2154237246285e-05,0,0.404040404040404,0.0155655459418171,3.266,0.14646701,0.509545055201716,0.0250694035,"diagnostic-k4","diagnostic-k4-286"
0.810125307901195,1,0.367,288,4.73470512359493,317580.224312647,299420.486917992,-676.7330369251,3.39689424842,17947.1564189176,-721.3662050306,28.4957290942,16.1374390113,9.46682457209528e-05,0,0.304971027752364,0.0129874145859611,3.723,0.18027677,0.615836975892281,0.0230072884,"diagnostic-k3","diagnostic-k3-288"
0.885199095079686,3,0.368,290,4.84314494208448,322620.305348673,299547.020397259,-501.2930316644,3.44416135903,22850.8220213523,-502.670019732,16.3368073317,-14.9598192641,8.50031525897567e-05,0,0.407497962510187,0.013253043943597,3.302,0.12527675,0.456259295771176,0.0243506096,"diagnostic-k2","diagnostic-k2-290"
0.829629496277938,2,0.349,291,4.33956356117598,321005.624328024,299722.260977163,-494.59147449209,2.68358811716,20976.8300955797,-553.0915585837,44.0802347101,14.41984938151,8.9058978091784e-05,0,0.421940928270042,0.0158404448369476,3.225,0.14176205,0.491832041420307,0.024960086,"diagnostic-k4","diagnostic-k4-291"
0.86107691101475,1,0.228,292,4.81569782562386,318363.762207711,300213.154551324,-730.7454209657,2.38739022454,18025.9758277448,-778.0352046985,34.4106781154,12.8791056174,6.83285888489141e-05,0,0.430477830391735,0.0180899511386561,3.352,0.16950203,0.45651578556228,0.0268040095,"diagnostic-k4","diagnostic-k4-292"
0.893800645058308,1,0.22,293,3.60133133822782,318414.844726928,298935.692372825,-577.89788284994,2.44866521647,19173.6140679269,-616.50245210924,15.438037355,23.1665319043,7.7919406498272e-05,0,0.211774671749259,0.00995117693804026,6.412,0.36502442,0.611667772048163,0.0244837949,"diagnostic-k2","diagnostic-k2-293"
0.855028946746263,2,0.278,294,2.38179313780909,321319.783239069,299238.488203044,-547.2785435422,3.79676524503,21837.6522483118,-561.7137641519,15.3503206798,-0.915100070099999,9.22014699041759e-05,0,0.325309043591412,0.0125789431978764,4.703,0.21505882,0.526099458246371,0.027112201,"diagnostic-k3","diagnostic-k3-294"
0.799110112993861,2,0.398,295,4.37608238330586,320979.091873349,299911.856624326,-470.12488442114,2.65022634424,20729.3345313182,-519.8718437011,44.1349786927,5.61198058726,9.03240089050965e-05,0,0.436490615451768,0.0170088241069072,2.914,0.13152562,0.500211635056735,0.0248735361,"diagnostic-k4","diagnostic-k4-295"
0.784904104286296,2,0.369,296,4.07451542726027,321079.618485586,299653.630478881,-410.14346185,2.86402478605,21030.3944655772,-478.286521997,27.210706767,40.93235338,9.98286116095966e-05,0,0.442673749446658,0.0144122710643036,2.946,0.11156175,0.467795988553636,0.0233570804,"diagnostic-k3","diagnostic-k3-296"
0.717656676057247,2,0.2,297,2.78923545617492,322394.453222974,299516.138780849,-312.634967128565,3.66986691819,22395.2110492676,-350.515708147349,9.73812974989,28.142611268894,7.82526275421593e-05,0,0.310462589257994,0.0116941406565646,5.019,0.23673133,0.60150706379727,0.0241338348,"diagnostic-k3","diagnostic-k3-297"
0.824799938034686,1,0.371,298,2.76598553321294,317334.694519172,299621.238996519,-747.0879741118,2.83870873206,17575.7577979777,-798.9333162223,52.0004159436,-0.155073833099996,7.74320383365746e-05,0,0.345781466113416,0.014904692591517,4.043,0.19818262,0.602605816495576,0.0229295796,"diagnostic-k4","diagnostic-k4-298"
0.819118842575399,1,0.22,300,3.82365551225737,319075.473960279,299844.507294104,-684.499429072804,2.71303319865,19049.2441531625,-684.252129313404,20.1457830486,-20.393082808,9.55222419399926e-05,0,0.212811236433284,0.0110129835243325,5.673,0.35094113,0.648238885565981,0.0272053918,"diagnostic-k3","diagnostic-k3-300"
